path: ..\image_src
path: .
jpg:prj_3d_AnalogClock_0jpg
png:prj_3d_AnalogClock_00png
png:prj_3d_AnalogClock_01png
png:prj_3d_AnalogClock_02png
png:prj_3d_AnalogClock_03png
png:prj_3d_AnalogClock_04png
png:prj_3d_AnalogClock_05png
png:prj_3d_AnalogClock_06png
png:prj_3d_AnalogClock_07png
png:prj_3d_AnalogClock_08png
png:prj_3d_AnalogClock_09png
png:prj_3d_AnalogClock_1png
png:prj_3d_AnalogClock_10png
png:prj_3d_AnalogClock_11png
png:prj_3d_AnalogClock_12png
png:prj_3d_AnalogClock_13png
png:prj_3d_AnalogClock_14png
png:prj_3d_AnalogClock_2png
png:prj_3d_AnalogClock_Tourbillon_01png
png:prj_3d_AnalogClock_Tourbillon_02png
png:prj_3d_AnalogClock_Tourbillon_03png
png:prj_3d_AnalogClock_Tourbillon_04png
png:prj_3d_AnalogClock_Tourbillon_05png
png:prj_3d_AnalogClock_Tourbillon_06png
png:prj_3d_AnalogClock_Tourbillon_07png
png:prj_3d_AnalogClock_Tourbillon_08png
png:prj_3d_AnalogClock_Tourbillon_09png
png:prj_3d_AnalogClock_Tourbillon_10png
png:prj_3d_AnalogClock_Tourbillon_11png
png:prj_3d_AnalogClock_Tourbillon_12png
png:prj_3d_AnalogClock_Tourbillon_13png
png:prj_3d_AnalogClock_Tourbillon_14png
png:prj_3d_AnalogClock_Tourbillon_15png
png:prj_3d_AnalogClock_Tourbillon_16png
png:prj_3d_AnalogClock_Tourbillon_17png
png:prj_3d_AnalogClock_Tourbillon_18png
png:prj_3d_AnalogClock_Tourbillon_19png
png:prj_3d_AnalogClock_Tourbillon_20png
png:prj_3d_AnalogClock_Tourbillon_21png
png:prj_3d_AnalogClock_Tourbillon_22png
png:prj_3d_AnalogClock_Tourbillon_23png
png:prj_3d_AnalogClock_Tourbillon_24png
png:prj_3d_AnalogClock_Tourbillon_25png
png:prj_3d_AnalogClock_Tourbillon_26png
png:prj_3d_AnalogClock_Tourbillon_27png
png:prj_3d_AnalogClock_Tourbillon_28png
png:prj_3d_AnalogClock_Tourbillon_29png
png:prj_3d_AnalogClock_Tourbillon_30png
jpg:prj_3d_AnalogClock01_0jpg
png:prj_3d_AnalogClock01_0png
png:prj_3d_AnalogClock01_00png
png:prj_3d_AnalogClock01_01png
png:prj_3d_AnalogClock01_02png
png:prj_3d_AnalogClock01_03png
png:prj_3d_AnalogClock01_04png
png:prj_3d_AnalogClock01_05png
png:prj_3d_AnalogClock01_06png
png:prj_3d_AnalogClock01_07png
png:prj_3d_AnalogClock01_08png
png:prj_3d_AnalogClock01_09png
png:prj_3d_AnalogClock01_1png
png:prj_3d_AnalogClock01_10png
png:prj_3d_AnalogClock01_11png
png:prj_3d_AnalogClock01_12png
png:prj_3d_AnalogClock01_13png
png:prj_3d_AnalogClock01_14png
png:prj_3d_AnalogClock01_1_0png
png:prj_3d_AnalogClock01_2png
png:prj_3d_AnalogClock01_prog_00png
png:prj_3d_AnalogClock01_prog_01png
png:prj_3d_AnalogClock01_prog_02png
png:prj_3d_AnalogClock01_prog_03png
png:prj_3d_AnalogClock01_prog_04png
png:prj_3d_AnalogClock01_prog_05png
png:prj_3d_AnalogClock01_prog_06png
png:prj_3d_AnalogClock01_prog_07png
png:prj_3d_AnalogClock01_prog_08png
png:prj_3d_AnalogClock01_prog_09png
png:prj_3d_AnalogClock01_prog_10png
png:prj_3d_AnalogClock01_prog_11png
png:prj_3d_AnalogClock01_prog_12png
png:prj_3d_AnalogClock01_Tourbillon_01png
png:prj_3d_AnalogClock01_Tourbillon_02png
png:prj_3d_AnalogClock01_Tourbillon_03png
png:prj_3d_AnalogClock01_Tourbillon_04png
png:prj_3d_AnalogClock01_Tourbillon_05png
png:prj_3d_AnalogClock01_Tourbillon_06png
png:prj_3d_AnalogClock01_Tourbillon_07png
png:prj_3d_AnalogClock01_Tourbillon_08png
png:prj_3d_AnalogClock01_Tourbillon_09png
png:prj_3d_AnalogClock01_Tourbillon_10png
png:prj_3d_AnalogClock01_Tourbillon_11png
png:prj_3d_AnalogClock01_Tourbillon_12png
png:prj_3d_AnalogClock01_Tourbillon_13png
png:prj_3d_AnalogClock01_Tourbillon_14png
png:prj_3d_AnalogClock01_Tourbillon_15png
png:prj_3d_AnalogClock01_Tourbillon_16png
png:prj_3d_AnalogClock01_Tourbillon_17png
png:prj_3d_AnalogClock01_Tourbillon_18png
png:prj_3d_AnalogClock01_Tourbillon_19png
png:prj_3d_AnalogClock01_Tourbillon_20png
png:prj_3d_AnalogClock01_Tourbillon_21png
png:prj_3d_AnalogClock01_Tourbillon_22png
png:prj_3d_AnalogClock01_Tourbillon_23png
png:prj_3d_AnalogClock01_Tourbillon_24png
png:prj_3d_AnalogClock01_Tourbillon_25png
png:prj_3d_AnalogClock01_Tourbillon_26png
png:prj_3d_AnalogClock01_Tourbillon_27png
png:prj_3d_AnalogClock01_Tourbillon_28png
png:prj_3d_AnalogClock01_Tourbillon_29png
png:prj_3d_AnalogClock01_Tourbillon_30png
png:prj_3d_AnalogClock01_Weather_blizzardpng
png:prj_3d_AnalogClock01_Weather_cloudypng
png:prj_3d_AnalogClock01_Weather_dustpng
png:prj_3d_AnalogClock01_Weather_fogpng
png:prj_3d_AnalogClock01_Weather_hailpng
png:prj_3d_AnalogClock01_Weather_hazepng
png:prj_3d_AnalogClock01_Weather_jansapng
png:prj_3d_AnalogClock01_Weather_negativepng
png:prj_3d_AnalogClock01_Weather_p0009_08_moderate_rainpng
png:prj_3d_AnalogClock01_Weather_p0010_09_heavy_rainpng
png:prj_3d_AnalogClock01_Weather_p0012_11_heavy_rainpng
png:prj_3d_AnalogClock01_Weather_p0013_12_tor_rainpng
png:prj_3d_AnalogClock01_Weather_p0016_15_moderate_snowpng
png:prj_3d_AnalogClock01_Weather_p0017_16_heavy_snowpng
png:prj_3d_AnalogClock01_Weather_p0020_19_freezing_rainpng
png:prj_3d_AnalogClock01_Weather_p0022_21_ltm_rainpng
png:prj_3d_AnalogClock01_Weather_p0023_22_mth_rainpng
png:prj_3d_AnalogClock01_Weather_p0024_23_tor_rainpng
png:prj_3d_AnalogClock01_Weather_p0025_24_heavy_rain_to_heavy_rainpng
png:prj_3d_AnalogClock01_Weather_p0026_25_heavy_rain_to_very_heavy_rainpng
png:prj_3d_AnalogClock01_Weather_p0027_26_ltm_snowpng
png:prj_3d_AnalogClock01_Weather_p0028_27_mth_snowpng
png:prj_3d_AnalogClock01_Weather_p0029_28_big_blizzardpng
png:prj_3d_AnalogClock01_Weather_p0032_31_strong_sandstormpng
png:prj_3d_AnalogClock01_Weather_rainpng
png:prj_3d_AnalogClock01_Weather_rainstormpng
png:prj_3d_AnalogClock01_Weather_sandstormpng
png:prj_3d_AnalogClock01_Weather_showerpng
png:prj_3d_AnalogClock01_Weather_showerspng
png:prj_3d_AnalogClock01_Weather_sleetpng
png:prj_3d_AnalogClock01_Weather_snowpng
png:prj_3d_AnalogClock01_Weather_sunpng
png:prj_3d_AnalogClock01_Weather_tstormpng
png:prj_3d_AnalogClock01_Weather_unknownpng
png:prj_3d_Butterfly_Antennapng
png:prj_3d_Butterfly_BodyHalfpng
png:prj_3d_Butterfly_dot0png
png:prj_3d_Butterfly_dot1png
png:prj_3d_Butterfly_Font32png
png:prj_3d_Butterfly_Font96png
lz4:prj_3d_Butterfly_index_SwingDown0png
png:prj_3d_Butterfly_SwingDown0png
png:prj_3d_Butterfly_SwingDown1png
png:prj_3d_Butterfly_SwingDown2png
png:prj_3d_Butterfly_SwingDown3png
png:prj_3d_Butterfly_SwingUp0png
png:prj_3d_Butterfly_SwingUp1png
png:prj_3d_Butterfly_SwingUp2png
png:prj_3d_Butterfly_SwingUp3png
png:prj_3d_Common_closelockpng
png:prj_3d_Common_fixedpng
png:prj_3d_Common_openlockpng
png:prj_3d_Common_unfixedpng
png:prj_3d_DigitClock00_0png
png:prj_3d_DigitClock00_1png
png:prj_3d_DigitClock00_2png
png:prj_3d_DigitClock00_3png
png:prj_3d_DigitClock00_4png
png:prj_3d_DigitClock00_5png
png:prj_3d_DigitClock00_6png
png:prj_3d_DigitClock00_7png
png:prj_3d_DigitClock00_8png
png:prj_3d_DigitClock00_9png
png:prj_3d_DigitClock00_Batterypng
png:prj_3d_DigitClock00_bgpng
png:prj_3d_DigitClock00_btypng
png:prj_3d_DigitClock00_Datepng
png:prj_3d_DigitClock00_p0024_Fg_0png
png:prj_3d_DigitClock00_p0025_Fg_1png
png:prj_3d_DigitClock00_p0026_Fg_2png
png:prj_3d_DigitClock00_p0027_Fg_3png
png:prj_3d_DigitClock00_p0028_Fg_4png
png:prj_3d_DigitClock00_p0029_Fg_5png
png:prj_3d_DigitClock00_p0030_Fg_6png
png:prj_3d_DigitClock00_p0031_Fg_7png
png:prj_3d_DigitClock00_p0032_Fg_8png
png:prj_3d_DigitClock00_p0033_Fg_9png
png:prj_3d_DigitClock00_p0034_Fg_Week0png
png:prj_3d_DigitClock00_p0035_Fg_Week1png
png:prj_3d_DigitClock00_p0036_Fg_Week2png
png:prj_3d_DigitClock00_p0037_Fg_Week3png
png:prj_3d_DigitClock00_p0038_Fg_Week4png
png:prj_3d_DigitClock00_p0039_Fg_Week5png
png:prj_3d_DigitClock00_p0040_Fg_Week6png
png:prj_3d_DigitClock00_Stepspng
png:prj_3d_DigitClock00_Timepng
png:prj_3d_DigitClock00_Week0png
png:prj_3d_DigitClock00_Week1png
png:prj_3d_DigitClock00_Week2png
png:prj_3d_DigitClock00_Week3png
png:prj_3d_DigitClock00_Week4png
png:prj_3d_DigitClock00_Week5png
png:prj_3d_DigitClock00_Week6png
lz4:prj_3d_dotbmp
png:prj_3d_EnergyBox_Face0png
png:prj_3d_EnergyBox_Light0png
png:prj_3d_EnergyBox_Light1png
png:prj_3d_EnergyBox_zfontpng
png:prj_3d_Firefly_32png
png:prj_3d_Firefly_96png
jpg:prj_3d_Firefly_dot0jpg
jpg:prj_3d_Firefly_dot1jpg
png:prj_3d_Firefly_litpng
png:prj_3d_prism_298png
png:prj_3d_prism_BackBoardpng
png:prj_3d_prism_bgpng
png:prj_3d_prism_buttterfly_preview_382_298png
png:prj_3d_prism_daily_excercise_previewpng
png:prj_3d_prism_DigitClock00_preview_382_298png
png:prj_3d_prism_hr_previewpng
png:prj_3d_prism_music_previewpng
png:prj_3d_prism_particle_preview_382_298png
png:prj_3d_prism_pres_previewpng
png:prj_3d_prism_previewpng
png:prj_3d_prism_Sidepng
png:prj_3d_prism_sleep_previewpng
png:prj_3d_prism_spo2_previewpng
png:prj_3d_prism_sport_list_previewpng
png:prj_3d_prism_weather_previewpng
jpg:prj_3d_Soccer_actjpg
jpg:prj_3d_Soccer_alarmjpg
png:prj_3d_Soccer_bgpng
png:prj_3d_Soccer_boardpng
jpg:prj_3d_Soccer_breathejpg
jpg:prj_3d_Soccer_calljpg
jpg:prj_3d_Soccer_corecdjpg
jpg:prj_3d_Soccer_heartratejpg
jpg:prj_3d_Soccer_homejpg
jpg:prj_3d_Soccer_measurejpg
jpg:prj_3d_Soccer_moodjpg
jpg:prj_3d_Soccer_morejpg
jpg:prj_3d_Soccer_musicjpg
jpg:prj_3d_Soccer_notifjpg
jpg:prj_3d_Soccer_periodjpg
jpg:prj_3d_Soccer_setjpg
jpg:prj_3d_Soccer_sleepjpg
jpg:prj_3d_Soccer_spo2jpg
jpg:prj_3d_Soccer_sportsjpg
png:prj_3d_Soccer_starpng
jpg:prj_3d_Soccer_stressjpg
jpg:prj_3d_Soccer_voicejpg
jpg:prj_3d_Soccer_weatherjpg
png:prj_3d_Trans_Lightpng
png:prj_3d_Trans_Light_rawpng
jpg:prj_3d_Trans_Light_raw_HPjpg
png:prj_3d_Trans_Light_raw_HPpng
png:prj_3d_Wave_Board00png
png:prj_3d_Wave_Board01png
png:prj_3d_Wave_Board02png
png:prj_3d_Wave_Board03png
png:prj_3d_Wave_Board04png
jpg:prj_400X400pxjpg
png:prj_400X400pxpng
lz4:prj_400X400px_dotbmp
jpg:prj_act_01_dotjpg
jpg:prj_act_01_icon_disjpg
png:prj_act_02_icon_dispng
jpg:prj_act_03_icon_kcaljpg
png:prj_act_04_icon_kcalpng
jpg:prj_act_05_icon_stepsjpg
png:prj_act_06_icon_stepspng
lz4:prj_act_bar_01_barbmp
jpg:prj_act_bar_02_dot_caloriesjpg
jpg:prj_act_bar_03_dot_distjpg
jpg:prj_act_bar_04_dot_stepsjpg
lz4:prj_act_bar_barbmp
jpg:prj_act_bar_caloriesjpg
jpg:prj_act_bar_distjpg
jpg:prj_act_bar_dot_caloriesjpg
jpg:prj_act_bar_dot_distjpg
jpg:prj_act_bar_dot_stepsjpg
jpg:prj_act_bar_stepsjpg
jpg:prj_act_disjpg
png:prj_act_dispng
jpg:prj_act_dotjpg
jpg:prj_act_icon_stepsjpg
jpg:prj_act_kcaljpg
png:prj_act_kcalpng
jpg:prj_act_ring_big_bjjpg
lz4:prj_act_ring_big_bj_00bmp
lz4:prj_act_ring_big_bj_01bmp
lz4:prj_act_ring_big_max_00bmp
lz4:prj_act_ring_big_max_01bmp
jpg:prj_act_ring_big_max_01_bjjpg
lz4:prj_act_ring_big_max_02_bj_00bmp
lz4:prj_act_ring_big_max_03_bj_01bmp
jpg:prj_act_ring_big_max_bjjpg
png:prj_act_ring_big_max_dispng
png:prj_act_ring_big_max_kcalpng
png:prj_act_ring_big_max_stepspng
jpg:prj_act_ring_small_bjjpg
png:prj_act_ring_small_calories_01png
png:prj_act_ring_small_calories_02png
png:prj_act_ring_small_calories_03png
png:prj_act_ring_small_calories_04png
png:prj_act_ring_small_calories_05png
png:prj_act_ring_small_calories_06png
png:prj_act_ring_small_calories_07png
png:prj_act_ring_small_calories_08png
png:prj_act_ring_small_calories_09png
png:prj_act_ring_small_calories_10png
png:prj_act_ring_small_dist_01png
png:prj_act_ring_small_dist_02png
png:prj_act_ring_small_dist_03png
png:prj_act_ring_small_dist_04png
png:prj_act_ring_small_dist_05png
png:prj_act_ring_small_dist_06png
png:prj_act_ring_small_dist_07png
png:prj_act_ring_small_dist_08png
png:prj_act_ring_small_dist_09png
png:prj_act_ring_small_dist_10png
png:prj_act_ring_small_steps_01png
png:prj_act_ring_small_steps_02png
png:prj_act_ring_small_steps_03png
png:prj_act_ring_small_steps_04png
png:prj_act_ring_small_steps_05png
png:prj_act_ring_small_steps_06png
png:prj_act_ring_small_steps_07png
png:prj_act_ring_small_steps_08png
png:prj_act_ring_small_steps_09png
png:prj_act_ring_small_steps_10png
jpg:prj_act_ring_small_min_01_bjjpg
jpg:prj_act_ring_small_min_bjjpg
png:prj_act_ring_small_min_calories_01png
png:prj_act_ring_small_min_calories_01_01png
png:prj_act_ring_small_min_calories_02png
png:prj_act_ring_small_min_calories_02_02png
png:prj_act_ring_small_min_calories_03png
png:prj_act_ring_small_min_calories_03_03png
png:prj_act_ring_small_min_calories_04png
png:prj_act_ring_small_min_calories_04_04png
png:prj_act_ring_small_min_calories_05png
png:prj_act_ring_small_min_calories_05_05png
png:prj_act_ring_small_min_calories_06png
png:prj_act_ring_small_min_calories_06_06png
png:prj_act_ring_small_min_calories_07png
png:prj_act_ring_small_min_calories_07_07png
png:prj_act_ring_small_min_calories_08png
png:prj_act_ring_small_min_calories_08_08png
png:prj_act_ring_small_min_calories_09png
png:prj_act_ring_small_min_calories_09_09png
png:prj_act_ring_small_min_calories_10png
png:prj_act_ring_small_min_calories_10_10png
png:prj_act_ring_small_min_dist_01png
png:prj_act_ring_small_min_dist_01_01png
png:prj_act_ring_small_min_dist_02png
png:prj_act_ring_small_min_dist_02_02png
png:prj_act_ring_small_min_dist_03png
png:prj_act_ring_small_min_dist_03_03png
png:prj_act_ring_small_min_dist_04png
png:prj_act_ring_small_min_dist_04_04png
png:prj_act_ring_small_min_dist_05png
png:prj_act_ring_small_min_dist_05_05png
png:prj_act_ring_small_min_dist_06png
png:prj_act_ring_small_min_dist_06_06png
png:prj_act_ring_small_min_dist_07png
png:prj_act_ring_small_min_dist_07_07png
png:prj_act_ring_small_min_dist_08png
png:prj_act_ring_small_min_dist_08_08png
png:prj_act_ring_small_min_dist_09png
png:prj_act_ring_small_min_dist_09_09png
png:prj_act_ring_small_min_dist_10png
png:prj_act_ring_small_min_dist_10_10png
png:prj_act_ring_small_min_steps_01png
png:prj_act_ring_small_min_steps_01_01png
png:prj_act_ring_small_min_steps_02png
png:prj_act_ring_small_min_steps_02_02png
png:prj_act_ring_small_min_steps_03png
png:prj_act_ring_small_min_steps_03_03png
png:prj_act_ring_small_min_steps_04png
png:prj_act_ring_small_min_steps_04_04png
png:prj_act_ring_small_min_steps_05png
png:prj_act_ring_small_min_steps_05_05png
png:prj_act_ring_small_min_steps_06png
png:prj_act_ring_small_min_steps_06_06png
png:prj_act_ring_small_min_steps_07png
png:prj_act_ring_small_min_steps_07_07png
png:prj_act_ring_small_min_steps_08png
png:prj_act_ring_small_min_steps_08_08png
png:prj_act_ring_small_min_steps_09png
png:prj_act_ring_small_min_steps_09_09png
png:prj_act_ring_small_min_steps_10png
png:prj_act_ring_small_min_steps_10_10png
jpg:prj_act_stepsjpg
png:prj_act_stepspng
jpg:prj_alarm_01_addjpg
png:prj_alarm_02_checkpng
jpg:prj_alarm_03_morejpg
jpg:prj_alarm_04_snoonjpg
jpg:prj_alarm_addjpg
png:prj_alarm_checkpng
jpg:prj_alarm_morejpg
jpg:prj_alarm_snoonjpg
jpg:prj_alarms_addjpg
png:prj_alarms_checkpng
jpg:prj_alarms_morejpg
jpg:prj_alarms_snoonjpg
png:prj_altitude_01_dianpng
jpg:prj_altitude_02_linejpg
png:prj_altitude_dianpng
jpg:prj_altitude_linejpg
jpg:prj_blood_pres_gif_00jpg
jpg:prj_blood_pres_gif_01jpg
jpg:prj_blood_pres_gif_01_00jpg
jpg:prj_blood_pres_gif_02jpg
jpg:prj_blood_pres_gif_02_01jpg
jpg:prj_blood_pres_gif_03jpg
jpg:prj_blood_pres_gif_03_02jpg
jpg:prj_blood_pres_gif_04jpg
jpg:prj_blood_pres_gif_04_03jpg
jpg:prj_blood_pres_gif_05jpg
jpg:prj_blood_pres_gif_05_04jpg
jpg:prj_blood_pres_gif_06jpg
jpg:prj_blood_pres_gif_06_05jpg
jpg:prj_blood_pres_gif_07jpg
jpg:prj_blood_pres_gif_07_06jpg
jpg:prj_blood_pres_gif_08jpg
jpg:prj_blood_pres_gif_08_07jpg
jpg:prj_blood_pres_gif_09jpg
jpg:prj_blood_pres_gif_09_08jpg
jpg:prj_blood_pres_gif_10jpg
jpg:prj_blood_pres_gif_10_09jpg
jpg:prj_blood_pres_gif_11jpg
jpg:prj_blood_pres_gif_11_10jpg
jpg:prj_blood_pres_gif_12jpg
jpg:prj_blood_pres_gif_12_11jpg
jpg:prj_blood_pres_gif_13jpg
jpg:prj_blood_pres_gif_13_12jpg
jpg:prj_blood_pres_gif_14jpg
jpg:prj_blood_pres_gif_14_13jpg
jpg:prj_blood_pres_gif_15jpg
jpg:prj_blood_pres_gif_15_14jpg
jpg:prj_blood_pres_gif_16jpg
jpg:prj_blood_pres_gif_16_15jpg
jpg:prj_blood_pres_gif_17jpg
jpg:prj_blood_pres_gif_17_16jpg
jpg:prj_blood_pres_gif_18jpg
jpg:prj_blood_pres_gif_18_17jpg
jpg:prj_blood_pres_gif_19jpg
jpg:prj_blood_pres_gif_19_18jpg
jpg:prj_blood_pres_gif_20_19jpg
jpg:prj_breathe_gif_00jpg
jpg:prj_breathe_gif_01jpg
jpg:prj_breathe_gif_02jpg
jpg:prj_breathe_gif_03jpg
jpg:prj_breathe_gif_04jpg
jpg:prj_breathe_gif_05jpg
jpg:prj_breathe_gif_06jpg
jpg:prj_breathe_gif_07jpg
jpg:prj_breathe_gif_08jpg
jpg:prj_breathe_gif_09jpg
jpg:prj_breathe_gif_10jpg
jpg:prj_breathe_gif_11jpg
jpg:prj_breathe_gif_12jpg
jpg:prj_breathe_gif_13jpg
jpg:prj_breathe_gif_14jpg
jpg:prj_breathe_gif_15jpg
jpg:prj_breathe_gif_16jpg
jpg:prj_breathe_gif_17jpg
jpg:prj_breathe_gif_18jpg
jpg:prj_breathe_gif_19jpg
jpg:prj_breathe_gif_20jpg
jpg:prj_breathe_gif_21jpg
jpg:prj_breathe_gif_22jpg
jpg:prj_breathe_gif_23jpg
jpg:prj_breathe_gif_24jpg
jpg:prj_breathe_more_00jpg
jpg:prj_breathe_more_02jpg
jpg:prj_breathe_pacejpg
jpg:prj_breathe_timejpg
jpg:prj_breath_training_00jpg
png:prj_breath_training_00png
jpg:prj_breath_training_01_more_00jpg
jpg:prj_breath_training_01_play_00jpg
png:prj_breath_training_02png
jpg:prj_breath_training_02_more_02jpg
jpg:prj_breath_training_03_pacejpg
jpg:prj_breath_training_04_timejpg
jpg:prj_breath_training_gif_00jpg
jpg:prj_breath_training_gif_01jpg
jpg:prj_breath_training_gif_01_00jpg
jpg:prj_breath_training_gif_02jpg
jpg:prj_breath_training_gif_02_01jpg
jpg:prj_breath_training_gif_03jpg
jpg:prj_breath_training_gif_03_02jpg
jpg:prj_breath_training_gif_04jpg
jpg:prj_breath_training_gif_04_03jpg
jpg:prj_breath_training_gif_05jpg
jpg:prj_breath_training_gif_05_04jpg
jpg:prj_breath_training_gif_06jpg
jpg:prj_breath_training_gif_06_05jpg
jpg:prj_breath_training_gif_07jpg
jpg:prj_breath_training_gif_07_06jpg
jpg:prj_breath_training_gif_08jpg
jpg:prj_breath_training_gif_08_07jpg
jpg:prj_breath_training_gif_09jpg
jpg:prj_breath_training_gif_09_08jpg
jpg:prj_breath_training_gif_10jpg
jpg:prj_breath_training_gif_10_09jpg
jpg:prj_breath_training_gif_11jpg
jpg:prj_breath_training_gif_11_10jpg
jpg:prj_breath_training_gif_12jpg
jpg:prj_breath_training_gif_12_11jpg
jpg:prj_breath_training_gif_13jpg
jpg:prj_breath_training_gif_13_12jpg
jpg:prj_breath_training_gif_14jpg
jpg:prj_breath_training_gif_14_13jpg
jpg:prj_breath_training_gif_15jpg
jpg:prj_breath_training_gif_15_14jpg
jpg:prj_breath_training_gif_16jpg
jpg:prj_breath_training_gif_16_15jpg
jpg:prj_breath_training_gif_17jpg
jpg:prj_breath_training_gif_17_16jpg
jpg:prj_breath_training_gif_18jpg
jpg:prj_breath_training_gif_18_17jpg
jpg:prj_breath_training_gif_19jpg
jpg:prj_breath_training_gif_19_18jpg
jpg:prj_breath_training_gif_20jpg
jpg:prj_breath_training_gif_20_19jpg
jpg:prj_breath_training_gif_21jpg
jpg:prj_breath_training_gif_21_20jpg
jpg:prj_breath_training_gif_22jpg
jpg:prj_breath_training_gif_22_21jpg
jpg:prj_breath_training_gif_23jpg
jpg:prj_breath_training_gif_23_22jpg
jpg:prj_breath_training_gif_24jpg
jpg:prj_breath_training_gif_24_23jpg
jpg:prj_breath_training_gif_25_24jpg
png:prj_breath_training_pacepng
png:prj_breath_training_timepng
jpg:prj_calc_01_errorjpg
jpg:prj_calc_02_kuangjpg
jpg:prj_calc_btn_00jpg
png:prj_calc_btn_01png
jpg:prj_calc_btn_01_ac_00jpg
jpg:prj_calc_btn_02jpg
png:prj_calc_btn_02png
png:prj_calc_btn_02_ac_02png
jpg:prj_calc_btn_03_jiajian_00jpg
png:prj_calc_btn_04_jiajian_01png
jpg:prj_calc_btn_05_jiajian_02jpg
jpg:prj_calc_btn_06_num_00jpg
png:prj_calc_btn_07_num_01png
jpg:prj_calc_btn_ac_00jpg
png:prj_calc_btn_ac_02png
jpg:prj_calc_btn_jiajian_00jpg
png:prj_calc_btn_jiajian_01png
jpg:prj_calc_btn_jiajian_02jpg
jpg:prj_calc_btn_num_00jpg
png:prj_calc_btn_num_01png
jpg:prj_calc_btn_p0003_jiajian_00jpg
jpg:prj_calc_btn_p0006_num_00jpg
png:prj_calc_btn_p0007_num_01png
jpg:prj_calc_errorjpg
jpg:prj_calc_kuangjpg
png:prj_calc_sym_00png
png:prj_calc_sym_01png
png:prj_calc_sym_01_acpng
png:prj_calc_sym_02_cheng_00png
png:prj_calc_sym_03_cheng_01png
png:prj_calc_sym_04_chu_00png
png:prj_calc_sym_05_chu_01png
png:prj_calc_sym_06_deletepng
png:prj_calc_sym_07_dengyu_00png
png:prj_calc_sym_08_dengyu_01png
png:prj_calc_sym_09_jian_00png
png:prj_calc_sym_10_jian_01png
png:prj_calc_sym_11_jia_00png
png:prj_calc_sym_12_jia_01png
png:prj_calc_sym_acpng
png:prj_calc_sym_cheng_00png
png:prj_calc_sym_cheng_01png
png:prj_calc_sym_chu_00png
png:prj_calc_sym_chu_01png
png:prj_calc_sym_deletepng
png:prj_calc_sym_dengyu_00png
png:prj_calc_sym_dengyu_01png
png:prj_calc_sym_jian_00png
png:prj_calc_sym_jian_01png
png:prj_calc_sym_jia_00png
png:prj_calc_sym_jia_01png
png:prj_calc_sym_p0004_chu_00png
png:prj_calc_sym_p0005_chu_01png
png:prj_calc_sym_p0007_dengyu_00png
png:prj_calc_sym_p0008_dengyu_01png
png:prj_calc_sym_p0009_jian_00png
png:prj_calc_sym_p0010_jian_01png
png:prj_calc_sym_p0011_jia_00png
png:prj_calc_sym_p0012_jia_01png
jpg:prj_call_01_calljpg
jpg:prj_call_01_closejpg
png:prj_call_02_callingpng
jpg:prj_call_02_missed_calljpg
png:prj_call_03_call_inpng
png:prj_call_04_contactpng
jpg:prj_call_05_deletejpg
jpg:prj_call_06_dotjpg
png:prj_call_07_zhuanfapng
jpg:prj_call_08_no_contactjpg
jpg:prj_call_09_no_recondjpg
jpg:prj_call_btn_00jpg
jpg:prj_call_btn_01jpg
jpg:prj_call_btn_01_caceljpg
jpg:prj_call_btn_02_calljpg
jpg:prj_call_btn_03_hand_up_bigjpg
jpg:prj_call_btn_04_hand_up_middlejpg
png:prj_call_btn_05_hand_up_smallpng
jpg:prj_call_btn_06_msgjpg
jpg:prj_call_btn_07_voice_turn_offjpg
jpg:prj_call_btn_08_voice_turn_onjpg
jpg:prj_call_btn_09_vol_00jpg
jpg:prj_call_btn_10_vol_01jpg
jpg:prj_call_btn_11_call_bigjpg
jpg:prj_call_btn_12_msg_bigjpg
jpg:prj_call_btn_13_voice_turn_offjpg
jpg:prj_call_btn_bigjpg
lz4:prj_call_btn_big_bmpbmp
jpg:prj_call_btn_caceljpg
jpg:prj_call_btn_calljpg
jpg:prj_call_btn_call_bigjpg
jpg:prj_call_btn_hand_up_bigjpg
jpg:prj_call_btn_hand_up_middlejpg
png:prj_call_btn_hand_up_smallpng
jpg:prj_call_btn_middlejpg
jpg:prj_call_btn_msgjpg
jpg:prj_call_btn_msg_bigjpg
jpg:prj_call_btn_offjpg
jpg:prj_call_btn_onjpg
jpg:prj_call_btn_p0011_call_bigjpg
jpg:prj_call_btn_p0013_voice_turn_offjpg
png:prj_call_btn_smallpng
jpg:prj_call_btn_voice_turn_offjpg
jpg:prj_call_btn_voice_turn_off_01jpg
jpg:prj_call_btn_voice_turn_onjpg
jpg:prj_call_btn_vol_00jpg
jpg:prj_call_btn_vol_01jpg
jpg:prj_call_calljpg
png:prj_call_callingpng
png:prj_call_call_inpng
jpg:prj_call_closejpg
jpg:prj_call_contactjpg
png:prj_call_contactpng
jpg:prj_call_deletejpg
jpg:prj_call_dotjpg
png:prj_call_icon_01_contactpng
png:prj_call_icon_02_dialpng
png:prj_call_icon_03_recordspng
png:prj_call_icon_04_sospng
png:prj_call_icon_contactpng
png:prj_call_icon_dialpng
png:prj_call_icon_recordspng
png:prj_call_icon_sospng
png:prj_call_inpng
jpg:prj_call_missed_calljpg
jpg:prj_call_no_contactjpg
jpg:prj_call_no_recondjpg
jpg:prj_call_p0002_missed_calljpg
jpg:prj_call_recondjpg
png:prj_call_sos_01_iconpng
jpg:prj_call_sos_02_phonejpg
jpg:prj_call_sos_03_sosjpg
png:prj_call_sos_iconpng
jpg:prj_call_sos_phonejpg
jpg:prj_call_sos_ring_01_leftjpg
jpg:prj_call_sos_ring_02_rightjpg
jpg:prj_call_sos_ring_03_upjpg
jpg:prj_call_sos_ring_04_xiajpg
jpg:prj_call_sos_ring_leftjpg
jpg:prj_call_sos_ring_rightjpg
jpg:prj_call_sos_ring_upjpg
jpg:prj_call_sos_ring_xiajpg
jpg:prj_call_sos_sosjpg
lz4:prj_call_vol_01_barbmp
jpg:prj_call_vol_02_bgjpg
jpg:prj_call_vol_03_lessjpg
jpg:prj_call_vol_04_plusjpg
lz4:prj_call_vol_barbmp
jpg:prj_call_vol_bgjpg
jpg:prj_call_vol_lessjpg
jpg:prj_call_vol_plusjpg
png:prj_call_zhuanfapng
jpg:prj_charge_01_charingjpg
lz4:prj_charge_02_dotbmp
jpg:prj_charge_03_icon_low_batteryjpg
lz4:prj_charge_04_ringbmp
jpg:prj_charge_05_rotatejpg
jpg:prj_charge_06_rotatejpg
jpg:prj_charge_07_rotatejpg
jpg:prj_charge_08_rotatejpg
jpg:prj_charge_09_rotatejpg
jpg:prj_charge_bg_01_bgjpg
jpg:prj_charge_bg_bgjpg
jpg:prj_charge_bgjpg
jpg:prj_charge_charingjpg
lz4:prj_charge_dotbmp
jpg:prj_charge_low_batteryjpg
jpg:prj_charge_p0006_rotatejpg
jpg:prj_charge_p0007_rotatejpg
jpg:prj_charge_p0008_rotatejpg
jpg:prj_charge_p0009_rotatejpg
lz4:prj_charge_ringbmp
jpg:prj_charge_rotatejpg
png:prj_cmps_01_barpng
jpg:prj_cmps_02_bg_enjpg
jpg:prj_cmps_03_bg_zhjpg
jpg:prj_cmps_04_dujpg
jpg:prj_cmps_05_gaodujpg
jpg:prj_cmps_06_iconjpg
jpg:prj_cmps_07_linejpg
jpg:prj_cmps_08_qiyajpg
jpg:prj_cmps_09_bg_90enjpg
jpg:prj_cmps_10_bg_90zhjpg
jpg:prj_cmps_90enjpg
jpg:prj_cmps_90zhjpg
png:prj_cmps_barpng
jpg:prj_cmps_bg_enjpg
jpg:prj_cmps_bg_zhjpg
jpg:prj_cmps_bj_en01jpg
jpg:prj_cmps_bj_zh01jpg
jpg:prj_cmps_dujpg
jpg:prj_cmps_enjpg
jpg:prj_cmps_gaodujpg
jpg:prj_cmps_iconjpg
jpg:prj_cmps_linejpg
jpg:prj_cmps_qiyajpg
jpg:prj_cmps_zhjpg
jpg:prj_control_center_00jpg
jpg:prj_control_center_01jpg
png:prj_control_center_01_addpng
jpg:prj_control_center_02_btnjpg
png:prj_control_center_03_deletepng
jpg:prj_control_center_04_icon_00jpg
jpg:prj_control_center_05_icon_01jpg
png:prj_control_center_addpng
jpg:prj_control_center_barjpg
lz4:prj_control_center_battery_0bmp
jpg:prj_control_center_battery_01_bgjpg
lz4:prj_control_center_battery_02_dotbmp
lz4:prj_control_center_battery_03_ringbmp
lz4:prj_control_center_battery_1bmp
jpg:prj_control_center_battery_2jpg
jpg:prj_control_center_battery_bgjpg
lz4:prj_control_center_battery_dotbmp
lz4:prj_control_center_battery_ringbmp
jpg:prj_control_center_btnjpg
jpg:prj_control_center_call_01_nojpg
jpg:prj_control_center_call_02_yesjpg
jpg:prj_control_center_call_nojpg
jpg:prj_control_center_call_yesjpg
png:prj_control_center_deletepng
jpg:prj_control_center_icon_00jpg
jpg:prj_control_center_icon_001jpg
jpg:prj_control_center_icon_002jpg
jpg:prj_control_center_icon_01jpg
jpg:prj_control_center_icon_01_aboutjpg
jpg:prj_control_center_icon_02jpg
jpg:prj_control_center_icon_02_alarmsjpg
jpg:prj_control_center_icon_03jpg
jpg:prj_control_center_icon_03_aodjpg
jpg:prj_control_center_icon_04jpg
jpg:prj_control_center_icon_04_brt_00jpg
jpg:prj_control_center_icon_05jpg
jpg:prj_control_center_icon_05_brt_01jpg
jpg:prj_control_center_icon_06_brt_02jpg
jpg:prj_control_center_icon_07_brt_03jpg
jpg:prj_control_center_icon_08_brt_04jpg
jpg:prj_control_center_icon_09_call_00jpg
jpg:prj_control_center_icon_10_call_01jpg
jpg:prj_control_center_icon_11_dnd_00jpg
jpg:prj_control_center_icon_12_dnd_01jpg
jpg:prj_control_center_icon_13_dot_001jpg
jpg:prj_control_center_icon_13_dot_002jpg
jpg:prj_control_center_icon_14_dot_00jpg
jpg:prj_control_center_icon_15_find_phonejpg
jpg:prj_control_center_icon_16_mate_00jpg
jpg:prj_control_center_icon_17_mate_01jpg
jpg:prj_control_center_icon_18_setjpg
jpg:prj_control_center_icon_19_shoudianjpg
jpg:prj_control_center_icon_20_wrist_00jpg
jpg:prj_control_center_icon_21_wrist_01jpg
jpg:prj_control_center_icon_22_Cover_lockjpg
jpg:prj_control_center_icon_23_Display_durationjpg
jpg:prj_control_center_icon_24_menu_00jpg
jpg:prj_control_center_icon_25_menu_01jpg
jpg:prj_control_center_icon_26_menu_02jpg
jpg:prj_control_center_icon_27_menu_03jpg
jpg:prj_control_center_icon_28_menu_04jpg
jpg:prj_control_center_icon_29_menu_05jpg
jpg:prj_control_center_icon_30_pwdjpg
jpg:prj_control_center_icon_31_QRjpg
jpg:prj_control_center_icon_32_SOSjpg
jpg:prj_control_center_icon_33_swjpg
jpg:prj_control_center_icon_34_Voice_Assistantjpg
jpg:prj_control_center_icon_aboutjpg
jpg:prj_control_center_icon_alarmsjpg
jpg:prj_control_center_icon_aodjpg
jpg:prj_control_center_icon_Assistantjpg
jpg:prj_control_center_icon_brt_00jpg
jpg:prj_control_center_icon_brt_01jpg
jpg:prj_control_center_icon_brt_02jpg
jpg:prj_control_center_icon_brt_03jpg
jpg:prj_control_center_icon_brt_04jpg
jpg:prj_control_center_icon_call_00jpg
jpg:prj_control_center_icon_call_01jpg
jpg:prj_control_center_icon_dnd_00jpg
jpg:prj_control_center_icon_dnd_01jpg
jpg:prj_control_center_icon_dot_00bm1jpg
jpg:prj_control_center_icon_dot_00jpg
jpg:prj_control_center_icon_durationjpg
jpg:prj_control_center_icon_find_phonejpg
jpg:prj_control_center_icon_lockjpg
jpg:prj_control_center_icon_mate_00jpg
jpg:prj_control_center_icon_mate_01jpg
jpg:prj_control_center_icon_p0009_call_00jpg
jpg:prj_control_center_icon_p0010_call_01jpg
jpg:prj_control_center_icon_p0011_dnd_00jpg
jpg:prj_control_center_icon_p0012_dnd_01jpg
jpg:prj_control_center_icon_p0014_dot_00jpg
jpg:prj_control_center_icon_p0016_mate_00jpg
jpg:prj_control_center_icon_p0017_mate_01jpg
jpg:prj_control_center_icon_p0020_wrist_00jpg
jpg:prj_control_center_icon_p0021_wrist_01jpg
jpg:prj_control_center_icon_p0024_menu_00jpg
jpg:prj_control_center_icon_p0025_menu_01jpg
jpg:prj_control_center_icon_p0026_menu_02jpg
jpg:prj_control_center_icon_p0027_menu_03jpg
jpg:prj_control_center_icon_p0028_menu_04jpg
jpg:prj_control_center_icon_phonejpg
jpg:prj_control_center_icon_pwdjpg
jpg:prj_control_center_icon_qhxgjpg
jpg:prj_control_center_icon_qiutihuanraojpg
jpg:prj_control_center_icon_QRjpg
jpg:prj_control_center_icon_setjpg
jpg:prj_control_center_icon_shoudianjpg
jpg:prj_control_center_icon_SOSjpg
jpg:prj_control_center_icon_swjpg
jpg:prj_control_center_icon_wrist_00jpg
jpg:prj_control_center_icon_wrist_01jpg
jpg:prj_control_center_phone_01_nojpg
jpg:prj_control_center_phone_02_yesjpg
jpg:prj_control_center_phone_nojpg
jpg:prj_control_center_phone_yesjpg
jpg:prj_find_phone_01_rect_find_phone_1jpg
jpg:prj_find_phone_02_rect_find_phone_2jpg
jpg:prj_find_phone_03_phonejpg
jpg:prj_find_phone_1jpg
jpg:prj_find_phone_2jpg
jpg:prj_find_phone_gif_00jpg
jpg:prj_find_phone_gif_01jpg
jpg:prj_find_phone_gif_01_00jpg
jpg:prj_find_phone_gif_02jpg
jpg:prj_find_phone_gif_02_01jpg
jpg:prj_find_phone_gif_03jpg
jpg:prj_find_phone_gif_03_02jpg
jpg:prj_find_phone_gif_04jpg
jpg:prj_find_phone_gif_04_03jpg
jpg:prj_find_phone_gif_05jpg
jpg:prj_find_phone_gif_05_04jpg
jpg:prj_find_phone_gif_06jpg
jpg:prj_find_phone_gif_06_05jpg
jpg:prj_find_phone_gif_07jpg
jpg:prj_find_phone_gif_07_06jpg
jpg:prj_find_phone_gif_08jpg
jpg:prj_find_phone_gif_08_07jpg
jpg:prj_find_phone_gif_09jpg
jpg:prj_find_phone_gif_09_08jpg
jpg:prj_find_phone_gif_10_09jpg
jpg:prj_find_phone_phonejpg
jpg:prj_find_phone_rect_find_phone_1jpg
jpg:prj_find_phone_rect_find_phone_2jpg
jpg:prj_find_watch_gif_00jpg
jpg:prj_find_watch_gif_01jpg
jpg:prj_find_watch_gif_01_00jpg
jpg:prj_find_watch_gif_02jpg
jpg:prj_find_watch_gif_02_01jpg
jpg:prj_find_watch_gif_03jpg
jpg:prj_find_watch_gif_03_02jpg
jpg:prj_find_watch_gif_04jpg
jpg:prj_find_watch_gif_04_03jpg
jpg:prj_find_watch_gif_05jpg
jpg:prj_find_watch_gif_05_04jpg
jpg:prj_find_watch_gif_06jpg
jpg:prj_find_watch_gif_06_05jpg
jpg:prj_find_watch_gif_06_smalljpg
jpg:prj_find_watch_gif_07jpg
jpg:prj_find_watch_gif_07_06jpg
jpg:prj_find_watch_gif_08jpg
jpg:prj_find_watch_gif_08_07jpg
jpg:prj_find_watch_gif_09jpg
jpg:prj_find_watch_gif_09_08jpg
jpg:prj_find_watch_gif_10jpg
jpg:prj_find_watch_gif_10_09jpg
jpg:prj_find_watch_gif_11jpg
jpg:prj_find_watch_gif_11_10jpg
jpg:prj_find_watch_gif_12jpg
jpg:prj_find_watch_gif_12_11jpg
jpg:prj_find_watch_gif_13jpg
jpg:prj_find_watch_gif_13_12jpg
jpg:prj_find_watch_gif_14_13jpg
jpg:prj_find_watch_gif_smalljpg
jpg:prj_flashlight_01_flashlightjpg
jpg:prj_flashlight_flashlightjpg
lz4:prj_heart_main_bar_1bmp
lz4:prj_heart_main_bar_2bmp
jpg:prj_heart_main_bgjpg
png:prj_heart_main_checkpng
lz4:prj_heart_main_dotbmp
jpg:prj_heart_main_gif_big_p0001_00jpg
jpg:prj_heart_main_gif_big_p0001_01jpg
jpg:prj_heart_main_gif_big_p0001_02jpg
jpg:prj_heart_main_gif_big_p0001_03jpg
jpg:prj_heart_main_gif_big_p0001_04jpg
jpg:prj_heart_main_gif_big_p0001_05jpg
jpg:prj_heart_main_gif_big_p0001_06jpg
jpg:prj_heart_main_gif_big_p0001_07jpg
jpg:prj_heart_main_gif_big_p0001_08jpg
jpg:prj_heart_main_gif_big_p0001_09jpg
jpg:prj_heart_main_gif_big_p0001_10jpg
jpg:prj_heart_main_gif_middle_00jpg
jpg:prj_heart_main_gif_middle_01jpg
jpg:prj_heart_main_gif_middle_02jpg
jpg:prj_heart_main_gif_middle_03jpg
jpg:prj_heart_main_gif_middle_04jpg
jpg:prj_heart_main_gif_middle_05jpg
jpg:prj_heart_main_gif_middle_06jpg
jpg:prj_heart_main_gif_middle_07jpg
jpg:prj_heart_main_gif_middle_08jpg
png:prj_heart_main_gif_small_00png
png:prj_heart_main_gif_small_01png
png:prj_heart_main_gif_small_02png
png:prj_heart_main_gif_small_03png
png:prj_heart_main_gif_small_04png
png:prj_heart_main_gif_small_05png
png:prj_heart_main_gif_small_06png
png:prj_heart_main_gif_small_07png
png:prj_heart_main_gif_small_08png
jpg:prj_heart_main_heartjpg
jpg:prj_heart_main_heart_finejpg
jpg:prj_heart_set_illustratejpg
png:prj_hr_main_02_checkpng
jpg:prj_hr_main_03_heartjpg
jpg:prj_hr_main_04_heart_finejpg
png:prj_hr_main_checkpng
jpg:prj_hr_main_finejpg
jpg:prj_hr_main_gif_big_00jpg
jpg:prj_hr_main_gif_big_01jpg
jpg:prj_hr_main_gif_big_01_00jpg
jpg:prj_hr_main_gif_big_01_01jpg
jpg:prj_hr_main_gif_big_01_02jpg
jpg:prj_hr_main_gif_big_01_03jpg
jpg:prj_hr_main_gif_big_01_04jpg
jpg:prj_hr_main_gif_big_01_05jpg
jpg:prj_hr_main_gif_big_01_06jpg
jpg:prj_hr_main_gif_big_01_07jpg
jpg:prj_hr_main_gif_big_01_08jpg
jpg:prj_hr_main_gif_big_01_09jpg
jpg:prj_hr_main_gif_big_01_10jpg
jpg:prj_hr_main_gif_big_02jpg
jpg:prj_hr_main_gif_big_03jpg
jpg:prj_hr_main_gif_big_04jpg
jpg:prj_hr_main_gif_big_05jpg
jpg:prj_hr_main_gif_big_06jpg
jpg:prj_hr_main_gif_big_07jpg
jpg:prj_hr_main_gif_big_08jpg
jpg:prj_hr_main_gif_big_09jpg
jpg:prj_hr_main_gif_big_10jpg
jpg:prj_hr_main_gif_middle_00jpg
jpg:prj_hr_main_gif_middle_01jpg
jpg:prj_hr_main_gif_middle_01_00jpg
jpg:prj_hr_main_gif_middle_02jpg
jpg:prj_hr_main_gif_middle_02_01jpg
jpg:prj_hr_main_gif_middle_03jpg
jpg:prj_hr_main_gif_middle_03_02jpg
jpg:prj_hr_main_gif_middle_04jpg
jpg:prj_hr_main_gif_middle_04_03jpg
jpg:prj_hr_main_gif_middle_05jpg
jpg:prj_hr_main_gif_middle_05_04jpg
jpg:prj_hr_main_gif_middle_06jpg
jpg:prj_hr_main_gif_middle_06_05jpg
jpg:prj_hr_main_gif_middle_07jpg
jpg:prj_hr_main_gif_middle_07_06jpg
jpg:prj_hr_main_gif_middle_08jpg
jpg:prj_hr_main_gif_middle_08_07jpg
jpg:prj_hr_main_gif_middle_09_08jpg
png:prj_hr_main_gif_small_00png
png:prj_hr_main_gif_small_01png
png:prj_hr_main_gif_small_01_00png
png:prj_hr_main_gif_small_02png
png:prj_hr_main_gif_small_02_01png
png:prj_hr_main_gif_small_03png
png:prj_hr_main_gif_small_03_02png
png:prj_hr_main_gif_small_04png
png:prj_hr_main_gif_small_04_03png
png:prj_hr_main_gif_small_05png
png:prj_hr_main_gif_small_05_04png
png:prj_hr_main_gif_small_06png
png:prj_hr_main_gif_small_06_05png
png:prj_hr_main_gif_small_07png
png:prj_hr_main_gif_small_07_06png
png:prj_hr_main_gif_small_08png
png:prj_hr_main_gif_small_08_07png
png:prj_hr_main_gif_small_09_08png
jpg:prj_hr_main_heartjpg
jpg:prj_hr_set_01_illustratejpg
jpg:prj_hr_set_illustratejpg
jpg:prj_measure_01_retryjpg
png:prj_measure_gif_00png
jpg:prj_measure_gif_01jpg
png:prj_measure_gif_01_00png
jpg:prj_measure_gif_02_01jpg
jpg:prj_measure_icon_01_heartjpg
jpg:prj_measure_icon_02_presjpg
jpg:prj_measure_icon_03_spojpg
jpg:prj_measure_icon_heartjpg
jpg:prj_measure_icon_presjpg
jpg:prj_measure_icon_spojpg
jpg:prj_measure_retryjpg
jpg:prj_mood_01_retryjpg
jpg:prj_mood_bar_00jpg
jpg:prj_mood_bar_01jpg
jpg:prj_mood_bar_01_00jpg
jpg:prj_mood_bar_02jpg
jpg:prj_mood_bar_02_01jpg
jpg:prj_mood_bar_03_02jpg
jpg:prj_mood_emoji_00jpg
jpg:prj_mood_emoji_01jpg
jpg:prj_mood_emoji_01_icon_00jpg
jpg:prj_mood_emoji_02jpg
jpg:prj_mood_emoji_02_icon_01jpg
jpg:prj_mood_emoji_03jpg
jpg:prj_mood_emoji_03_icon_02jpg
jpg:prj_mood_emoji_04_icon_03jpg
jpg:prj_mood_gif_00jpg
jpg:prj_mood_gif_01jpg
jpg:prj_mood_gif_01_00jpg
jpg:prj_mood_gif_02jpg
jpg:prj_mood_gif_02_01jpg
jpg:prj_mood_gif_03jpg
jpg:prj_mood_gif_03_02jpg
jpg:prj_mood_gif_04jpg
jpg:prj_mood_gif_04_03jpg
jpg:prj_mood_gif_05jpg
jpg:prj_mood_gif_05_04jpg
jpg:prj_mood_gif_06jpg
jpg:prj_mood_gif_06_05jpg
jpg:prj_mood_gif_07jpg
jpg:prj_mood_gif_07_06jpg
jpg:prj_mood_gif_08jpg
jpg:prj_mood_gif_08_07jpg
jpg:prj_mood_gif_09jpg
jpg:prj_mood_gif_09_08jpg
jpg:prj_mood_gif_10jpg
jpg:prj_mood_gif_10_09jpg
jpg:prj_mood_gif_11jpg
jpg:prj_mood_gif_11_10jpg
jpg:prj_mood_gif_12jpg
jpg:prj_mood_gif_12_11jpg
jpg:prj_mood_gif_13jpg
jpg:prj_mood_gif_13_12jpg
jpg:prj_mood_gif_14jpg
jpg:prj_mood_gif_14_13jpg
jpg:prj_mood_gif_15jpg
jpg:prj_mood_gif_15_14jpg
jpg:prj_mood_gif_16jpg
jpg:prj_mood_gif_16_15jpg
jpg:prj_mood_gif_17jpg
jpg:prj_mood_gif_17_16jpg
jpg:prj_mood_gif_18jpg
jpg:prj_mood_gif_18_17jpg
jpg:prj_mood_gif_19jpg
jpg:prj_mood_gif_19_18jpg
jpg:prj_mood_gif_20jpg
jpg:prj_mood_gif_20_19jpg
jpg:prj_mood_gif_21jpg
jpg:prj_mood_gif_21_20jpg
jpg:prj_mood_gif_22jpg
jpg:prj_mood_gif_22_21jpg
jpg:prj_mood_gif_23jpg
jpg:prj_mood_gif_23_22jpg
jpg:prj_mood_gif_24jpg
jpg:prj_mood_gif_24_23jpg
jpg:prj_mood_gif_25jpg
jpg:prj_mood_gif_25_24jpg
jpg:prj_mood_gif_26jpg
jpg:prj_mood_gif_26_25jpg
jpg:prj_mood_gif_27jpg
jpg:prj_mood_gif_27_26jpg
jpg:prj_mood_gif_28_27jpg
jpg:prj_mood_retryjpg
jpg:prj_msg_01_barjpg
jpg:prj_msg_02_deletejpg
png:prj_msg_03_dotpng
jpg:prj_msg_04_no_msgjpg
png:prj_msg_05_msg_icon_lockpng
jpg:prj_msg_barjpg
jpg:prj_msg_deletejpg
png:prj_msg_dotpng
png:prj_msg_icon_01_callpng
png:prj_msg_icon_02_facebookpng
png:prj_msg_icon_03_flickrpng
png:prj_msg_icon_04_gmailpng
png:prj_msg_icon_05_googlepluspng
png:prj_msg_icon_06_hangoutspng
png:prj_msg_icon_07_inspng
png:prj_msg_icon_08_kakaopng
png:prj_msg_icon_09_linepng
png:prj_msg_icon_10_linkpng
png:prj_msg_icon_11_msgpng
png:prj_msg_icon_12_messengerpng
png:prj_msg_icon_13_OKrupng
png:prj_msg_icon_14_otherpng
png:prj_msg_icon_15_pinterestpng
png:prj_msg_icon_16_QQpng
png:prj_msg_icon_17_skypepng
png:prj_msg_icon_18_snapchatpng
png:prj_msg_icon_19_tumblrpng
png:prj_msg_icon_20_twitterpng
png:prj_msg_icon_21_viberpng
png:prj_msg_icon_22_vkontaktepng
png:prj_msg_icon_23_wechatpng
png:prj_msg_icon_24_whatsapppng
png:prj_msg_icon_25_Xpng
png:prj_msg_icon_26_yandexpng
png:prj_msg_icon_27_youtubepng
png:prj_msg_icon_callpng
png:prj_msg_icon_facebookpng
png:prj_msg_icon_flickrpng
png:prj_msg_icon_gmailpng
png:prj_msg_icon_googlepluspng
png:prj_msg_icon_hangoutspng
png:prj_msg_icon_inspng
png:prj_msg_icon_kakaopng
png:prj_msg_icon_linepng
png:prj_msg_icon_linkpng
png:prj_msg_icon_messengerpng
png:prj_msg_icon_msgpng
png:prj_msg_icon_OKrupng
png:prj_msg_icon_otherpng
png:prj_msg_icon_pinterestpng
png:prj_msg_icon_QQpng
png:prj_msg_icon_skypepng
png:prj_msg_icon_snapchatpng
png:prj_msg_icon_tumblrpng
png:prj_msg_icon_twitterpng
png:prj_msg_icon_viberpng
png:prj_msg_icon_vkontaktepng
png:prj_msg_icon_wechatpng
png:prj_msg_icon_whatsapppng
png:prj_msg_icon_Xpng
png:prj_msg_icon_yandexpng
png:prj_msg_icon_youtubepng
png:prj_msg_lockpng
jpg:prj_msg_msgjpg
jpg:prj_msg_no_msgjpg
png:prj_music_00png
png:prj_music_01png
jpg:prj_music_01_bjjpg
png:prj_music_03_play_bar_00png
png:prj_music_04_play_00png
png:prj_music_05_play_01png
png:prj_music_06_play_no_00png
png:prj_music_07_play_no_01png
png:prj_music_08_music_00png
png:prj_music_09_music_01png
png:prj_music_10_music_no_00png
png:prj_music_11_music_no_01png
jpg:prj_music_bjjpg
png:prj_music_bjpng
jpg:prj_music_bj_01jpg
png:prj_music_bj_01png
png:prj_music_music_00png
png:prj_music_music_01png
png:prj_music_music_no_00png
png:prj_music_music_no_01png
png:prj_music_p0004_play_00png
png:prj_music_p0006_play_no_00png
png:prj_music_p0007_play_no_01png
png:prj_music_p0008_music_00png
png:prj_music_p0009_music_01png
png:prj_music_p0010_music_no_00png
png:prj_music_p0011_music_no_01png
png:prj_music_play_00png
png:prj_music_play_01png
png:prj_music_play_bar_00png
png:prj_music_play_no_01png
png:prj_music_sound_00png
lz4:prj_music_sound_01bmp
png:prj_music_sound_01png
png:prj_music_sound_01_bar_00png
lz4:prj_music_sound_02_bar_01bmp
png:prj_music_sound_03_dot_00png
png:prj_music_sound_04_dot_01png
png:prj_music_sound_05_sound_00png
png:prj_music_sound_06_sound_01png
png:prj_music_sound_07_sound_no_00png
png:prj_music_sound_08_sound_no_01png
png:prj_music_sound_bar_00png
lz4:prj_music_sound_bar_01bmp
png:prj_music_sound_dot_00png
png:prj_music_sound_dot_01png
png:prj_music_sound_no_00png
png:prj_music_sound_no_01png
png:prj_music_sound_p0003_dot_00png
png:prj_music_sound_p0005_sound_00png
png:prj_music_sound_p0006_sound_01png
png:prj_music_sound_p0007_sound_no_00png
png:prj_music_sound_p0008_sound_no_01png
png:prj_music_sound_sound_00png
png:prj_music_sound_sound_01png
png:prj_num_01_102_du_32x76png
jpg:prj_num_02_22_percent_16x18jpg
png:prj_num_03_28_c_24x22png
png:prj_num_04_28_f_24x22png
png:prj_num_05_34_c_30x28png
png:prj_num_06_34_f_30x28png
png:prj_num_07_34_percent_24x28png
jpg:prj_num_08_44_percent_red_32x34jpg
png:prj_num_09_44_percent_white_32x34png
png:prj_num_102_du_32x76png
png:prj_num_102_percent_74x76png
png:prj_num_102_white_56x76_00png
png:prj_num_102_white_56x76_01png
png:prj_num_102_white_56x76_01_00png
png:prj_num_102_white_56x76_02png
png:prj_num_102_white_56x76_02_01png
png:prj_num_102_white_56x76_03png
png:prj_num_102_white_56x76_03_02png
png:prj_num_102_white_56x76_04png
png:prj_num_102_white_56x76_04_03png
png:prj_num_102_white_56x76_05png
png:prj_num_102_white_56x76_05_04png
png:prj_num_102_white_56x76_06png
png:prj_num_102_white_56x76_06_05png
png:prj_num_102_white_56x76_07png
png:prj_num_102_white_56x76_07_06png
png:prj_num_102_white_56x76_08png
png:prj_num_102_white_56x76_08_07png
png:prj_num_102_white_56x76_09png
png:prj_num_102_white_56x76_09_08png
png:prj_num_102_white_56x76_10png
png:prj_num_102_white_56x76_10_09png
png:prj_num_102_white_56x76_11png
png:prj_num_102_white_56x76_11_10png
png:prj_num_102_white_56x76_12png
png:prj_num_102_white_56x76_12_11png
png:prj_num_102_white_56x76_13png
png:prj_num_102_white_56x76_13_12png
png:prj_num_102_white_56x76_14_13png
png:prj_num_10_52_pace_12x40png
png:prj_num_11_52_pace_16x40png
png:prj_num_12x40png
png:prj_num_12x48png
png:prj_num_12_62_c_34x48png
png:prj_num_13_62_dial1_24x48png
png:prj_num_14_62_dial2_24x48png
png:prj_num_15_62_dial3_24x48png
jpg:prj_num_16x18jpg
png:prj_num_16x40png
png:prj_num_16_62_du_24x48png
png:prj_num_17_62_f_34x48png
png:prj_num_18_62_pace_12x48png
png:prj_num_19_62_pace_20x48png
png:prj_num_20x48png
png:prj_num_20_62_percent_28x48png
png:prj_num_21_62_percent_44x48png
png:prj_num_22_80_percent_56x60png
png:prj_num_22_grey_12x18_00png
png:prj_num_22_grey_12x18_01png
png:prj_num_22_grey_12x18_01_00png
png:prj_num_22_grey_12x18_02png
png:prj_num_22_grey_12x18_02_01png
png:prj_num_22_grey_12x18_03png
png:prj_num_22_grey_12x18_03_02png
png:prj_num_22_grey_12x18_04png
png:prj_num_22_grey_12x18_04_03png
png:prj_num_22_grey_12x18_05png
png:prj_num_22_grey_12x18_05_04png
png:prj_num_22_grey_12x18_06png
png:prj_num_22_grey_12x18_06_05png
png:prj_num_22_grey_12x18_07png
png:prj_num_22_grey_12x18_07_06png
png:prj_num_22_grey_12x18_08png
png:prj_num_22_grey_12x18_08_07png
png:prj_num_22_grey_12x18_09png
png:prj_num_22_grey_12x18_09_08png
png:prj_num_22_grey_12x18_10png
png:prj_num_22_grey_12x18_10_09png
png:prj_num_22_grey_12x18_11png
png:prj_num_22_grey_12x18_11_10png
png:prj_num_22_grey_12x18_12png
png:prj_num_22_grey_12x18_12_11png
png:prj_num_22_grey_12x18_13png
png:prj_num_22_grey_12x18_13_12png
png:prj_num_22_grey_12x18_14_13png
jpg:prj_num_22_percent_16x18jpg
jpg:prj_num_22_red_12x18_00jpg
jpg:prj_num_22_red_12x18_01jpg
jpg:prj_num_22_red_12x18_01_00jpg
jpg:prj_num_22_red_12x18_02jpg
jpg:prj_num_22_red_12x18_02_01jpg
jpg:prj_num_22_red_12x18_03jpg
jpg:prj_num_22_red_12x18_03_02jpg
jpg:prj_num_22_red_12x18_04jpg
jpg:prj_num_22_red_12x18_04_03jpg
jpg:prj_num_22_red_12x18_05jpg
jpg:prj_num_22_red_12x18_05_04jpg
jpg:prj_num_22_red_12x18_06jpg
jpg:prj_num_22_red_12x18_06_05jpg
jpg:prj_num_22_red_12x18_07jpg
jpg:prj_num_22_red_12x18_07_06jpg
jpg:prj_num_22_red_12x18_08jpg
jpg:prj_num_22_red_12x18_08_07jpg
jpg:prj_num_22_red_12x18_09jpg
jpg:prj_num_22_red_12x18_09_08jpg
jpg:prj_num_22_red_12x18_10jpg
jpg:prj_num_22_red_12x18_10_09jpg
jpg:prj_num_22_red_12x18_11jpg
jpg:prj_num_22_red_12x18_11_10jpg
jpg:prj_num_22_red_12x18_12jpg
jpg:prj_num_22_red_12x18_12_11jpg
jpg:prj_num_22_red_12x18_13jpg
jpg:prj_num_22_red_12x18_13_12jpg
jpg:prj_num_22_red_12x18_14_13jpg
png:prj_num_22_white_12x18_00png
png:prj_num_22_white_12x18_01png
png:prj_num_22_white_12x18_01_00png
png:prj_num_22_white_12x18_02png
png:prj_num_22_white_12x18_02_01png
png:prj_num_22_white_12x18_03png
png:prj_num_22_white_12x18_03_02png
png:prj_num_22_white_12x18_04png
png:prj_num_22_white_12x18_04_03png
png:prj_num_22_white_12x18_05png
png:prj_num_22_white_12x18_05_04png
png:prj_num_22_white_12x18_06png
png:prj_num_22_white_12x18_06_05png
png:prj_num_22_white_12x18_07png
png:prj_num_22_white_12x18_07_06png
png:prj_num_22_white_12x18_08png
png:prj_num_22_white_12x18_08_07png
png:prj_num_22_white_12x18_09png
png:prj_num_22_white_12x18_09_08png
png:prj_num_22_white_12x18_10png
png:prj_num_22_white_12x18_10_09png
png:prj_num_22_white_12x18_11png
png:prj_num_22_white_12x18_11_10png
png:prj_num_22_white_12x18_12png
png:prj_num_22_white_12x18_12_11png
png:prj_num_22_white_12x18_13png
png:prj_num_22_white_12x18_13_12png
png:prj_num_22_white_12x18_14_13png
png:prj_num_23_92_c_44x76png
png:prj_num_24x22png
png:prj_num_24x28png
png:prj_num_24x48png
png:prj_num_24_92_f_44x76png
png:prj_num_25_102_percent_74x76png
png:prj_num_28x48png
png:prj_num_28_c_24x22png
png:prj_num_28_f_24x22png
png:prj_num_28_white_16x22_00png
png:prj_num_28_white_16x22_01png
png:prj_num_28_white_16x22_01_00png
png:prj_num_28_white_16x22_02png
png:prj_num_28_white_16x22_02_01png
png:prj_num_28_white_16x22_03png
png:prj_num_28_white_16x22_03_02png
png:prj_num_28_white_16x22_04png
png:prj_num_28_white_16x22_04_03png
png:prj_num_28_white_16x22_05png
png:prj_num_28_white_16x22_05_04png
png:prj_num_28_white_16x22_06png
png:prj_num_28_white_16x22_06_05png
png:prj_num_28_white_16x22_07png
png:prj_num_28_white_16x22_07_06png
png:prj_num_28_white_16x22_08png
png:prj_num_28_white_16x22_08_07png
png:prj_num_28_white_16x22_09png
png:prj_num_28_white_16x22_09_08png
png:prj_num_28_white_16x22_10png
png:prj_num_28_white_16x22_10_09png
png:prj_num_28_white_16x22_11png
png:prj_num_28_white_16x22_11_10png
png:prj_num_28_white_16x22_12png
png:prj_num_28_white_16x22_12_11png
png:prj_num_28_white_16x22_13png
png:prj_num_28_white_16x22_13_12png
png:prj_num_28_white_16x22_14_13png
png:prj_num_28_white_16x22_7png
png:prj_num_30x28png
jpg:prj_num_32x34jpg
png:prj_num_32x34png
png:prj_num_32x76png
png:prj_num_34x48png
png:prj_num_34_c_30x28png
png:prj_num_34_f_30x28png
png:prj_num_34_percent_24x28png
png:prj_num_34_white_18x28_00png
png:prj_num_34_white_18x28_01png
png:prj_num_34_white_18x28_01_00png
png:prj_num_34_white_18x28_02png
png:prj_num_34_white_18x28_02_01png
png:prj_num_34_white_18x28_03png
png:prj_num_34_white_18x28_03_02png
png:prj_num_34_white_18x28_04png
png:prj_num_34_white_18x28_04_03png
png:prj_num_34_white_18x28_05png
png:prj_num_34_white_18x28_05_04png
png:prj_num_34_white_18x28_06png
png:prj_num_34_white_18x28_06_05png
png:prj_num_34_white_18x28_07png
png:prj_num_34_white_18x28_07_06png
png:prj_num_34_white_18x28_08png
png:prj_num_34_white_18x28_08_07png
png:prj_num_34_white_18x28_09png
png:prj_num_34_white_18x28_09_08png
png:prj_num_34_white_18x28_10png
png:prj_num_34_white_18x28_10_09png
png:prj_num_34_white_18x28_11png
png:prj_num_34_white_18x28_11_10png
png:prj_num_34_white_18x28_12png
png:prj_num_34_white_18x28_12_11png
png:prj_num_34_white_18x28_13png
png:prj_num_34_white_18x28_13_12png
png:prj_num_34_white_18x28_14_13png
png:prj_num_44x48png
png:prj_num_44x76png
png:prj_num_44_grey_24x34_00png
png:prj_num_44_grey_24x34_01png
png:prj_num_44_grey_24x34_01_00png
png:prj_num_44_grey_24x34_02png
png:prj_num_44_grey_24x34_02_01png
png:prj_num_44_grey_24x34_03png
png:prj_num_44_grey_24x34_03_02png
png:prj_num_44_grey_24x34_04png
png:prj_num_44_grey_24x34_04_03png
png:prj_num_44_grey_24x34_05png
png:prj_num_44_grey_24x34_05_04png
png:prj_num_44_grey_24x34_06png
png:prj_num_44_grey_24x34_06_05png
png:prj_num_44_grey_24x34_07png
png:prj_num_44_grey_24x34_07_06png
png:prj_num_44_grey_24x34_08png
png:prj_num_44_grey_24x34_08_07png
png:prj_num_44_grey_24x34_09png
png:prj_num_44_grey_24x34_09_08png
png:prj_num_44_grey_24x34_10png
png:prj_num_44_grey_24x34_10_09png
png:prj_num_44_grey_24x34_11png
png:prj_num_44_grey_24x34_11_10png
png:prj_num_44_grey_24x34_12png
png:prj_num_44_grey_24x34_12_11png
png:prj_num_44_grey_24x34_13png
png:prj_num_44_grey_24x34_13_12png
png:prj_num_44_grey_24x34_14_13png
jpg:prj_num_44_percent_red_32x34jpg
png:prj_num_44_percent_white_32x34png
jpg:prj_num_44_red_24x34_00jpg
jpg:prj_num_44_red_24x34_01jpg
jpg:prj_num_44_red_24x34_01_00jpg
jpg:prj_num_44_red_24x34_02jpg
jpg:prj_num_44_red_24x34_02_01jpg
jpg:prj_num_44_red_24x34_03jpg
jpg:prj_num_44_red_24x34_03_02jpg
jpg:prj_num_44_red_24x34_04jpg
jpg:prj_num_44_red_24x34_04_03jpg
jpg:prj_num_44_red_24x34_05jpg
jpg:prj_num_44_red_24x34_05_04jpg
jpg:prj_num_44_red_24x34_06jpg
jpg:prj_num_44_red_24x34_06_05jpg
jpg:prj_num_44_red_24x34_07jpg
jpg:prj_num_44_red_24x34_07_06jpg
jpg:prj_num_44_red_24x34_08jpg
jpg:prj_num_44_red_24x34_08_07jpg
jpg:prj_num_44_red_24x34_09jpg
jpg:prj_num_44_red_24x34_09_08jpg
jpg:prj_num_44_red_24x34_10jpg
jpg:prj_num_44_red_24x34_10_09jpg
jpg:prj_num_44_red_24x34_11jpg
jpg:prj_num_44_red_24x34_11_10jpg
jpg:prj_num_44_red_24x34_12jpg
jpg:prj_num_44_red_24x34_12_11jpg
jpg:prj_num_44_red_24x34_13jpg
jpg:prj_num_44_red_24x34_13_12jpg
jpg:prj_num_44_red_24x34_14_13jpg
png:prj_num_44_white_24x34_00png
png:prj_num_44_white_24x34_01png
png:prj_num_44_white_24x34_01_00png
png:prj_num_44_white_24x34_02png
png:prj_num_44_white_24x34_02_01png
png:prj_num_44_white_24x34_03png
png:prj_num_44_white_24x34_03_02png
png:prj_num_44_white_24x34_04png
png:prj_num_44_white_24x34_04_03png
png:prj_num_44_white_24x34_05png
png:prj_num_44_white_24x34_05_04png
png:prj_num_44_white_24x34_06png
png:prj_num_44_white_24x34_06_05png
png:prj_num_44_white_24x34_07png
png:prj_num_44_white_24x34_07_06png
png:prj_num_44_white_24x34_08png
png:prj_num_44_white_24x34_08_07png
png:prj_num_44_white_24x34_09png
png:prj_num_44_white_24x34_09_08png
png:prj_num_44_white_24x34_10png
png:prj_num_44_white_24x34_10_09png
png:prj_num_44_white_24x34_11png
png:prj_num_44_white_24x34_11_10png
png:prj_num_44_white_24x34_12png
png:prj_num_44_white_24x34_12_11png
png:prj_num_44_white_24x34_13png
png:prj_num_44_white_24x34_13_12png
png:prj_num_44_white_24x34_14_13png
png:prj_num_52_pace_12x40png
png:prj_num_52_pace_16x40png
jpg:prj_num_52_red_28x40_00jpg
jpg:prj_num_52_red_28x40_01jpg
jpg:prj_num_52_red_28x40_01_00jpg
jpg:prj_num_52_red_28x40_02jpg
jpg:prj_num_52_red_28x40_02_01jpg
jpg:prj_num_52_red_28x40_03jpg
jpg:prj_num_52_red_28x40_03_02jpg
jpg:prj_num_52_red_28x40_04jpg
jpg:prj_num_52_red_28x40_04_03jpg
jpg:prj_num_52_red_28x40_05jpg
jpg:prj_num_52_red_28x40_05_04jpg
jpg:prj_num_52_red_28x40_06jpg
jpg:prj_num_52_red_28x40_06_05jpg
jpg:prj_num_52_red_28x40_07jpg
jpg:prj_num_52_red_28x40_07_06jpg
jpg:prj_num_52_red_28x40_08jpg
jpg:prj_num_52_red_28x40_08_07jpg
jpg:prj_num_52_red_28x40_09jpg
jpg:prj_num_52_red_28x40_09_08jpg
jpg:prj_num_52_red_28x40_10jpg
jpg:prj_num_52_red_28x40_10_09jpg
jpg:prj_num_52_red_28x40_11jpg
jpg:prj_num_52_red_28x40_11_10jpg
jpg:prj_num_52_red_28x40_12jpg
jpg:prj_num_52_red_28x40_12_11jpg
jpg:prj_num_52_red_28x40_13jpg
jpg:prj_num_52_red_28x40_13_12jpg
jpg:prj_num_52_red_28x40_14_13jpg
png:prj_num_52_white_28x40_00png
png:prj_num_52_white_28x40_01png
png:prj_num_52_white_28x40_01_00png
png:prj_num_52_white_28x40_02png
png:prj_num_52_white_28x40_02_01png
png:prj_num_52_white_28x40_03png
png:prj_num_52_white_28x40_03_02png
png:prj_num_52_white_28x40_04png
png:prj_num_52_white_28x40_04_03png
png:prj_num_52_white_28x40_05png
png:prj_num_52_white_28x40_05_04png
png:prj_num_52_white_28x40_06png
png:prj_num_52_white_28x40_06_05png
png:prj_num_52_white_28x40_07png
png:prj_num_52_white_28x40_07_06png
png:prj_num_52_white_28x40_08png
png:prj_num_52_white_28x40_08_07png
png:prj_num_52_white_28x40_09png
png:prj_num_52_white_28x40_09_08png
png:prj_num_52_white_28x40_10png
png:prj_num_52_white_28x40_10_09png
png:prj_num_52_white_28x40_11png
png:prj_num_52_white_28x40_11_10png
png:prj_num_52_white_28x40_12png
png:prj_num_52_white_28x40_12_11png
png:prj_num_52_white_28x40_13png
png:prj_num_52_white_28x40_13_12png
png:prj_num_52_white_28x40_14_13png
png:prj_num_56x60png
png:prj_num_62_c_34x48png
png:prj_num_62_dial1_24x48png
png:prj_num_62_dial2_24x48png
png:prj_num_62_dial3_24x48png
png:prj_num_62_du_24x48png
png:prj_num_62_f_34x48png
png:prj_num_62_pace_12x48png
png:prj_num_62_pace_20x48png
png:prj_num_62_percent_28x48png
png:prj_num_62_percent_44x48png
png:prj_num_62_white_36x46_00png
png:prj_num_62_white_36x46_01png
png:prj_num_62_white_36x46_01_00png
png:prj_num_62_white_36x46_02png
png:prj_num_62_white_36x46_02_01png
png:prj_num_62_white_36x46_03png
png:prj_num_62_white_36x46_03_02png
png:prj_num_62_white_36x46_04png
png:prj_num_62_white_36x46_04_03png
png:prj_num_62_white_36x46_05png
png:prj_num_62_white_36x46_05_04png
png:prj_num_62_white_36x46_06png
png:prj_num_62_white_36x46_06_05png
png:prj_num_62_white_36x46_07png
png:prj_num_62_white_36x46_07_06png
png:prj_num_62_white_36x46_08png
png:prj_num_62_white_36x46_08_07png
png:prj_num_62_white_36x46_09png
png:prj_num_62_white_36x46_09_08png
png:prj_num_62_white_36x46_10png
png:prj_num_62_white_36x46_10_09png
png:prj_num_62_white_36x46_11png
png:prj_num_62_white_36x46_11_10png
png:prj_num_62_white_36x46_12png
png:prj_num_62_white_36x46_12_11png
png:prj_num_62_white_36x46_13png
png:prj_num_62_white_36x46_13_12png
png:prj_num_62_white_36x46_14_13png
png:prj_num_74x76png
png:prj_num_80_percent_56x60png
png:prj_num_80_white_44x60_00png
png:prj_num_80_white_44x60_01png
png:prj_num_80_white_44x60_01_00png
png:prj_num_80_white_44x60_02png
png:prj_num_80_white_44x60_02_01png
png:prj_num_80_white_44x60_03png
png:prj_num_80_white_44x60_03_02png
png:prj_num_80_white_44x60_04png
png:prj_num_80_white_44x60_04_03png
png:prj_num_80_white_44x60_05png
png:prj_num_80_white_44x60_05_04png
png:prj_num_80_white_44x60_06png
png:prj_num_80_white_44x60_06_05png
png:prj_num_80_white_44x60_07png
png:prj_num_80_white_44x60_07_06png
png:prj_num_80_white_44x60_08png
png:prj_num_80_white_44x60_08_07png
png:prj_num_80_white_44x60_09png
png:prj_num_80_white_44x60_09_08png
png:prj_num_80_white_44x60_10png
png:prj_num_80_white_44x60_10_09png
png:prj_num_80_white_44x60_11png
png:prj_num_80_white_44x60_11_10png
png:prj_num_80_white_44x60_12png
png:prj_num_80_white_44x60_12_11png
png:prj_num_80_white_44x60_13png
png:prj_num_80_white_44x60_13_12png
png:prj_num_80_white_44x60_14_13png
png:prj_num_92_c_44x76png
png:prj_num_92_f_44x76png
png:prj_num_92_white_52x70_00png
png:prj_num_92_white_52x70_01png
png:prj_num_92_white_52x70_01_00png
png:prj_num_92_white_52x70_02png
png:prj_num_92_white_52x70_02_01png
png:prj_num_92_white_52x70_03png
png:prj_num_92_white_52x70_03_02png
png:prj_num_92_white_52x70_04png
png:prj_num_92_white_52x70_04_03png
png:prj_num_92_white_52x70_05png
png:prj_num_92_white_52x70_05_04png
png:prj_num_92_white_52x70_06png
png:prj_num_92_white_52x70_06_05png
png:prj_num_92_white_52x70_07png
png:prj_num_92_white_52x70_07_06png
png:prj_num_92_white_52x70_08png
png:prj_num_92_white_52x70_08_07png
png:prj_num_92_white_52x70_09png
png:prj_num_92_white_52x70_09_08png
png:prj_num_92_white_52x70_10png
png:prj_num_92_white_52x70_10_09png
png:prj_num_92_white_52x70_11png
png:prj_num_92_white_52x70_11_10png
png:prj_num_92_white_52x70_12png
png:prj_num_92_white_52x70_12_11png
png:prj_num_92_white_52x70_13png
png:prj_num_92_white_52x70_13_12png
png:prj_num_92_white_52x70_14_13png
png:prj_num_p0004_28_f_24x22png
png:prj_num_p0006_34_f_30x28png
png:prj_num_p0014_62_dial2_24x48png
png:prj_num_p0015_62_dial3_24x48png
png:prj_num_p0016_62_du_24x48png
png:prj_num_p0017_62_f_34x48png
png:prj_num_p0024_92_f_44x76png
jpg:prj_ota_01_remindjpg
jpg:prj_ota_gif_00jpg
jpg:prj_ota_gif_01jpg
jpg:prj_ota_gif_01_00jpg
jpg:prj_ota_gif_02jpg
jpg:prj_ota_gif_02_01jpg
jpg:prj_ota_gif_03jpg
jpg:prj_ota_gif_03_02jpg
jpg:prj_ota_gif_04jpg
jpg:prj_ota_gif_04_03jpg
jpg:prj_ota_gif_05jpg
jpg:prj_ota_gif_05_04jpg
jpg:prj_ota_gif_06jpg
jpg:prj_ota_gif_06_05jpg
jpg:prj_ota_gif_07jpg
jpg:prj_ota_gif_07_06jpg
jpg:prj_ota_gif_08jpg
jpg:prj_ota_gif_08_07jpg
jpg:prj_ota_gif_09jpg
jpg:prj_ota_gif_09_08jpg
jpg:prj_ota_gif_10jpg
jpg:prj_ota_gif_10_09jpg
jpg:prj_ota_gif_11jpg
jpg:prj_ota_gif_11_10jpg
jpg:prj_ota_gif_12_11jpg
jpg:prj_ota_otajpg
jpg:prj_ota_remindjpg
jpg:prj_period_01_arrowjpg
jpg:prj_period_02_bar_bigjpg
jpg:prj_period_03_bar_smalljpg
jpg:prj_period_04_dotjpg
jpg:prj_period_arrowjpg
jpg:prj_period_bar_bigjpg
jpg:prj_period_bar_smalljpg
jpg:prj_period_bigjpg
jpg:prj_period_dotjpg
png:prj_period_period_01_menstruation_bigpng
png:prj_period_period_02_menstruation_smallpng
png:prj_period_period_03_ovulation_bigpng
png:prj_period_period_04_ovulation_smallpng
png:prj_period_period_bigpng
png:prj_period_period_menstruation_bigpng
png:prj_period_period_menstruation_smallpng
png:prj_period_period_ovulation_bigpng
png:prj_period_period_ovulation_smallpng
png:prj_period_period_p0003_ovulation_bigpng
png:prj_period_period_p0004_ovulation_smallpng
png:prj_period_period_smallpng
jpg:prj_period_smalljpg
jpg:prj_power_on_logo_00jpg
jpg:prj_power_on_logo_01jpg
jpg:prj_power_on_logo_01_00jpg
jpg:prj_power_on_logo_02jpg
jpg:prj_power_on_logo_02_01jpg
jpg:prj_power_on_logo_03jpg
jpg:prj_power_on_logo_03_02jpg
jpg:prj_power_on_logo_04jpg
jpg:prj_power_on_logo_04_03jpg
jpg:prj_power_on_logo_05jpg
jpg:prj_power_on_logo_05_04jpg
jpg:prj_power_on_logo_06jpg
jpg:prj_power_on_logo_06_05jpg
jpg:prj_power_on_logo_07jpg
jpg:prj_power_on_logo_07_06jpg
jpg:prj_power_on_logo_08jpg
jpg:prj_power_on_logo_08_07jpg
jpg:prj_power_on_logo_09jpg
jpg:prj_power_on_logo_09_08jpg
jpg:prj_power_on_logo_10jpg
jpg:prj_power_on_logo_10_09jpg
jpg:prj_power_on_logo_11jpg
jpg:prj_power_on_logo_11_10jpg
jpg:prj_power_on_logo_12jpg
jpg:prj_power_on_logo_12_11jpg
jpg:prj_power_on_logo_13jpg
jpg:prj_power_on_logo_13_12jpg
jpg:prj_power_on_logo_14jpg
jpg:prj_power_on_logo_14_13jpg
jpg:prj_power_on_logo_15jpg
jpg:prj_power_on_logo_15_14jpg
jpg:prj_power_on_logo_16jpg
jpg:prj_power_on_logo_16_15jpg
jpg:prj_power_on_logo_17jpg
jpg:prj_power_on_logo_17_16jpg
jpg:prj_power_on_logo_18jpg
jpg:prj_power_on_logo_18_17jpg
jpg:prj_power_on_logo_19jpg
jpg:prj_power_on_logo_19_18jpg
jpg:prj_power_on_logo_20jpg
jpg:prj_power_on_logo_21jpg
jpg:prj_power_on_logo_22jpg
jpg:prj_power_on_logo_23jpg
jpg:prj_power_on_logo_24jpg
jpg:prj_power_on_logo_25jpg
jpg:prj_power_on_logo_26jpg
jpg:prj_power_on_logo_27jpg
jpg:prj_power_on_logo_28jpg
jpg:prj_power_on_logo_29jpg
jpg:prj_power_on_logo_30jpg
jpg:prj_power_on_logo_31jpg
jpg:prj_power_on_logo_32jpg
jpg:prj_power_on_logo_33jpg
jpg:prj_power_on_logo_34jpg
jpg:prj_power_on_logo_35jpg
jpg:prj_power_on_logo_36jpg
jpg:prj_qday_AnalogClock01_0jpg
png:prj_qday_AnalogClock01_0png
png:prj_qday_AnalogClock01_00png
png:prj_qday_AnalogClock01_01png
png:prj_qday_AnalogClock01_02png
png:prj_qday_AnalogClock01_03png
png:prj_qday_AnalogClock01_04png
png:prj_qday_AnalogClock01_05png
png:prj_qday_AnalogClock01_06png
png:prj_qday_AnalogClock01_07png
png:prj_qday_AnalogClock01_08png
png:prj_qday_AnalogClock01_09png
png:prj_qday_AnalogClock01_1png
png:prj_qday_AnalogClock01_10png
png:prj_qday_AnalogClock01_11png
png:prj_qday_AnalogClock01_12png
png:prj_qday_AnalogClock01_13png
png:prj_qday_AnalogClock01_14png
png:prj_qday_AnalogClock01_1_0png
png:prj_qday_AnalogClock01_prog_01png
png:prj_qday_AnalogClock01_prog_02png
png:prj_qday_AnalogClock01_prog_03png
png:prj_qday_AnalogClock01_prog_04png
png:prj_qday_AnalogClock01_prog_05png
png:prj_qday_AnalogClock01_prog_06png
png:prj_qday_AnalogClock01_prog_07png
png:prj_qday_AnalogClock01_prog_08png
png:prj_qday_AnalogClock01_prog_09png
png:prj_qday_AnalogClock01_prog_10png
png:prj_qday_AnalogClock01_prog_11png
png:prj_qday_AnalogClock01_prog_12png
png:prj_qday_AnalogClock01_Tourbillon_01png
png:prj_qday_AnalogClock01_Tourbillon_02png
png:prj_qday_AnalogClock01_Tourbillon_03png
png:prj_qday_AnalogClock01_Tourbillon_04png
png:prj_qday_AnalogClock01_Tourbillon_05png
png:prj_qday_AnalogClock01_Tourbillon_06png
png:prj_qday_AnalogClock01_Tourbillon_07png
png:prj_qday_AnalogClock01_Tourbillon_08png
png:prj_qday_AnalogClock01_Tourbillon_09png
png:prj_qday_AnalogClock01_Tourbillon_10png
png:prj_qday_AnalogClock01_Tourbillon_11png
png:prj_qday_AnalogClock01_Tourbillon_12png
png:prj_qday_AnalogClock01_Tourbillon_13png
png:prj_qday_AnalogClock01_Tourbillon_14png
png:prj_qday_AnalogClock01_Tourbillon_15png
png:prj_qday_AnalogClock01_Tourbillon_16png
png:prj_qday_AnalogClock01_Tourbillon_17png
png:prj_qday_AnalogClock01_Tourbillon_18png
png:prj_qday_AnalogClock01_Tourbillon_19png
png:prj_qday_AnalogClock01_Tourbillon_20png
png:prj_qday_AnalogClock01_Tourbillon_21png
png:prj_qday_AnalogClock01_Tourbillon_22png
png:prj_qday_AnalogClock01_Tourbillon_23png
png:prj_qday_AnalogClock01_Tourbillon_24png
png:prj_qday_AnalogClock01_Tourbillon_25png
png:prj_qday_AnalogClock01_Tourbillon_26png
png:prj_qday_AnalogClock01_Tourbillon_27png
png:prj_qday_AnalogClock01_Tourbillon_28png
png:prj_qday_AnalogClock01_Tourbillon_29png
png:prj_qday_AnalogClock01_Tourbillon_30png
png:prj_qday_AnalogClock01_Weather_blizzardpng
png:prj_qday_AnalogClock01_Weather_cloudypng
png:prj_qday_AnalogClock01_Weather_dustpng
png:prj_qday_AnalogClock01_Weather_fogpng
png:prj_qday_AnalogClock01_Weather_hailpng
png:prj_qday_AnalogClock01_Weather_hazepng
png:prj_qday_AnalogClock01_Weather_jansapng
png:prj_qday_AnalogClock01_Weather_negativepng
png:prj_qday_AnalogClock01_Weather_p0009_08_moderate_rainpng
png:prj_qday_AnalogClock01_Weather_p0010_09_heavy_rainpng
png:prj_qday_AnalogClock01_Weather_p0012_11_heavy_rainpng
png:prj_qday_AnalogClock01_Weather_p0013_12_tor_rainpng
png:prj_qday_AnalogClock01_Weather_p0016_15_moderate_snowpng
png:prj_qday_AnalogClock01_Weather_p0017_16_heavy_snowpng
png:prj_qday_AnalogClock01_Weather_p0020_19_freezing_rainpng
png:prj_qday_AnalogClock01_Weather_p0022_21_ltm_rainpng
png:prj_qday_AnalogClock01_Weather_p0023_22_mth_rainpng
png:prj_qday_AnalogClock01_Weather_p0024_23_tor_rainpng
png:prj_qday_AnalogClock01_Weather_p0025_24_heavy_rain_to_heavy_rainpng
png:prj_qday_AnalogClock01_Weather_p0026_25_heavy_rain_to_very_heavy_rainpng
png:prj_qday_AnalogClock01_Weather_p0027_26_ltm_snowpng
png:prj_qday_AnalogClock01_Weather_p0028_27_mth_snowpng
png:prj_qday_AnalogClock01_Weather_p0029_28_big_blizzardpng
png:prj_qday_AnalogClock01_Weather_p0032_31_strong_sandstormpng
png:prj_qday_AnalogClock01_Weather_rainpng
png:prj_qday_AnalogClock01_Weather_rainstormpng
png:prj_qday_AnalogClock01_Weather_sandstormpng
png:prj_qday_AnalogClock01_Weather_showerpng
png:prj_qday_AnalogClock01_Weather_showerspng
png:prj_qday_AnalogClock01_Weather_sleetpng
png:prj_qday_AnalogClock01_Weather_snowpng
png:prj_qday_AnalogClock01_Weather_sunpng
png:prj_qday_AnalogClock01_Weather_tstormpng
png:prj_qday_AnalogClock01_Weather_unknownpng
png:prj_qday_Butterfly_Antennapng
png:prj_qday_Butterfly_BodyHalfpng
png:prj_qday_Butterfly_dot0png
png:prj_qday_Butterfly_dot1png
png:prj_qday_Butterfly_Font32png
png:prj_qday_Butterfly_Font96png
png:prj_qday_Butterfly_SwingDown0png
png:prj_qday_Butterfly_SwingDown1png
png:prj_qday_Butterfly_SwingDown2png
png:prj_qday_Butterfly_SwingDown3png
png:prj_qday_Butterfly_SwingUp0png
png:prj_qday_Butterfly_SwingUp1png
png:prj_qday_Butterfly_SwingUp2png
png:prj_qday_Butterfly_SwingUp3png
png:prj_qday_Common_closelockpng
png:prj_qday_Common_fixedpng
png:prj_qday_Common_openlockpng
png:prj_qday_Common_unfixedpng
png:prj_qday_DigitClock00_0png
png:prj_qday_DigitClock00_1png
png:prj_qday_DigitClock00_2png
png:prj_qday_DigitClock00_3png
png:prj_qday_DigitClock00_4png
png:prj_qday_DigitClock00_5png
png:prj_qday_DigitClock00_6png
png:prj_qday_DigitClock00_7png
png:prj_qday_DigitClock00_8png
png:prj_qday_DigitClock00_9png
png:prj_qday_DigitClock00_Batterypng
png:prj_qday_DigitClock00_bgpng
png:prj_qday_DigitClock00_btypng
png:prj_qday_DigitClock00_Datepng
png:prj_qday_DigitClock00_p0024_Fg_0png
png:prj_qday_DigitClock00_p0025_Fg_1png
png:prj_qday_DigitClock00_p0026_Fg_2png
png:prj_qday_DigitClock00_p0027_Fg_3png
png:prj_qday_DigitClock00_p0028_Fg_4png
png:prj_qday_DigitClock00_p0029_Fg_5png
png:prj_qday_DigitClock00_p0030_Fg_6png
png:prj_qday_DigitClock00_p0031_Fg_7png
png:prj_qday_DigitClock00_p0032_Fg_8png
png:prj_qday_DigitClock00_p0033_Fg_9png
png:prj_qday_DigitClock00_p0034_Fg_Week0png
png:prj_qday_DigitClock00_p0035_Fg_Week1png
png:prj_qday_DigitClock00_p0036_Fg_Week2png
png:prj_qday_DigitClock00_p0037_Fg_Week3png
png:prj_qday_DigitClock00_p0038_Fg_Week4png
png:prj_qday_DigitClock00_p0039_Fg_Week5png
png:prj_qday_DigitClock00_p0040_Fg_Week6png
png:prj_qday_DigitClock00_Stepspng
png:prj_qday_DigitClock00_Timepng
png:prj_qday_DigitClock00_Week0png
png:prj_qday_DigitClock00_Week1png
png:prj_qday_DigitClock00_Week2png
png:prj_qday_DigitClock00_Week3png
png:prj_qday_DigitClock00_Week4png
png:prj_qday_DigitClock00_Week5png
png:prj_qday_DigitClock00_Week6png
lz4:prj_qday_dotbmp
png:prj_qday_EnergyBox_Face0png
png:prj_qday_EnergyBox_Light0png
png:prj_qday_EnergyBox_Light1png
png:prj_qday_EnergyBox_zfontpng
png:prj_qday_Firefly_32png
png:prj_qday_Firefly_96png
jpg:prj_qday_Firefly_dot0jpg
jpg:prj_qday_Firefly_dot1jpg
png:prj_qday_Firefly_litpng
png:prj_qday_prism_298png
png:prj_qday_prism_BackBoardpng
png:prj_qday_prism_bgpng
png:prj_qday_prism_buttterfly_preview_382_298png
png:prj_qday_prism_daily_excercise_previewpng
png:prj_qday_prism_DigitClock00_preview_382_298png
png:prj_qday_prism_hr_previewpng
png:prj_qday_prism_music_previewpng
png:prj_qday_prism_particle_preview_382_298png
png:prj_qday_prism_pres_previewpng
png:prj_qday_prism_previewpng
png:prj_qday_prism_Sidepng
png:prj_qday_prism_sleep_previewpng
png:prj_qday_prism_spo2_previewpng
png:prj_qday_prism_sport_list_previewpng
png:prj_qday_prism_weather_previewpng
jpg:prj_qday_Soccer_actjpg
jpg:prj_qday_Soccer_alarmjpg
png:prj_qday_Soccer_bgpng
png:prj_qday_Soccer_boardpng
jpg:prj_qday_Soccer_breathejpg
jpg:prj_qday_Soccer_calljpg
jpg:prj_qday_Soccer_corecdjpg
jpg:prj_qday_Soccer_heartratejpg
jpg:prj_qday_Soccer_homejpg
jpg:prj_qday_Soccer_measurejpg
jpg:prj_qday_Soccer_moodjpg
jpg:prj_qday_Soccer_morejpg
jpg:prj_qday_Soccer_musicjpg
jpg:prj_qday_Soccer_notifjpg
jpg:prj_qday_Soccer_periodjpg
jpg:prj_qday_Soccer_setjpg
jpg:prj_qday_Soccer_sleepjpg
jpg:prj_qday_Soccer_spo2jpg
jpg:prj_qday_Soccer_sportsjpg
png:prj_qday_Soccer_starpng
jpg:prj_qday_Soccer_stressjpg
jpg:prj_qday_Soccer_voicejpg
jpg:prj_qday_Soccer_weatherjpg
png:prj_qday_Trans_Lightpng
png:prj_qday_Wave_Board00png
png:prj_qday_Wave_Board01png
png:prj_qday_Wave_Board02png
png:prj_qday_Wave_Board03png
png:prj_qday_Wave_Board04png
jpg:prj_remind_drink_gif_00jpg
jpg:prj_remind_drink_gif_01jpg
jpg:prj_remind_drink_gif_02jpg
jpg:prj_remind_drink_gif_03jpg
jpg:prj_remind_drink_gif_04jpg
jpg:prj_remind_drink_gif_05jpg
jpg:prj_remind_drink_gif_06jpg
jpg:prj_remind_drink_gif_07jpg
jpg:prj_remind_drink_gif_08jpg
jpg:prj_remind_drink_gif_09jpg
jpg:prj_remind_drink_gif_10jpg
jpg:prj_remind_drink_gif_11jpg
jpg:prj_remind_drink_gif_12jpg
jpg:prj_remind_drink_gif_13jpg
jpg:prj_remind_drink_gif_14jpg
jpg:prj_remind_drink_gif_15jpg
jpg:prj_remind_drink_gif_16jpg
jpg:prj_remind_drink_gif_17jpg
jpg:prj_remind_drink_gif_18jpg
jpg:prj_remind_drink_gif_19jpg
jpg:prj_remind_drink_gif_20jpg
jpg:prj_remind_drink_gif_21jpg
jpg:prj_remind_drink_gif_22jpg
jpg:prj_remind_drink_gif_23jpg
jpg:prj_remind_drink_gif_24jpg
jpg:prj_remind_drink_gif_25jpg
jpg:prj_remind_drink_gif_26jpg
jpg:prj_remind_drink_gif_27jpg
jpg:prj_remind_drink_gif_28jpg
jpg:prj_remind_drink_gif_29jpg
jpg:prj_remind_drink_gif_30jpg
jpg:prj_remind_drink_gif_31jpg
jpg:prj_remind_drink_gif_32jpg
jpg:prj_remind_drink_gif_33jpg
jpg:prj_remind_drink_gif_34jpg
jpg:prj_remind_drink_gif_35jpg
jpg:prj_remind_drink_gif_36jpg
jpg:prj_remind_drink_gif_37jpg
jpg:prj_remind_drink_gif_38jpg
jpg:prj_remind_drink_gif_39jpg
jpg:prj_remind_drink_gif_drink_00jpg
jpg:prj_remind_drink_gif_drink_01jpg
jpg:prj_remind_drink_gif_drink_02jpg
jpg:prj_remind_drink_gif_drink_03jpg
jpg:prj_remind_drink_gif_drink_04jpg
jpg:prj_remind_drink_gif_drink_05jpg
jpg:prj_remind_drink_gif_drink_06jpg
jpg:prj_remind_drink_gif_drink_07jpg
jpg:prj_remind_drink_gif_drink_08jpg
jpg:prj_remind_drink_gif_drink_09jpg
jpg:prj_remind_drink_gif_drink_10jpg
jpg:prj_remind_drink_gif_drink_11jpg
jpg:prj_remind_drink_gif_drink_12jpg
jpg:prj_remind_drink_gif_drink_13jpg
jpg:prj_remind_drink_gif_drink_14jpg
jpg:prj_remind_drink_gif_drink_15jpg
jpg:prj_remind_drink_gif_drink_16jpg
jpg:prj_remind_drink_gif_drink_17jpg
jpg:prj_remind_drink_gif_drink_18jpg
jpg:prj_remind_drink_gif_drink_19jpg
jpg:prj_remind_drink_gif_drink_20jpg
jpg:prj_remind_drink_gif_drink_21jpg
jpg:prj_remind_drink_gif_drink_22jpg
jpg:prj_remind_drink_gif_drink_23jpg
jpg:prj_remind_drink_gif_drink_24jpg
jpg:prj_remind_drink_gif_drink_25jpg
jpg:prj_remind_drink_gif_drink_26jpg
jpg:prj_remind_drink_gif_drink_27jpg
jpg:prj_remind_drink_gif_drink_28jpg
jpg:prj_remind_drink_gif_drink_29jpg
jpg:prj_remind_drink_gif_drink_30jpg
jpg:prj_remind_drink_gif_drink_31jpg
jpg:prj_remind_drink_gif_drink_32jpg
jpg:prj_remind_drink_gif_drink_33jpg
jpg:prj_remind_drink_gif_drink_34jpg
jpg:prj_remind_drink_gif_drink_35jpg
jpg:prj_remind_drink_gif_drink_36jpg
jpg:prj_remind_drink_gif_drink_37jpg
jpg:prj_remind_drink_gif_drink_38jpg
jpg:prj_remind_drink_gif_drink_39jpg
jpg:prj_remind_goal_accomplished_actjpg
jpg:prj_remind_goal_accomplished_gif_goal_00jpg
jpg:prj_remind_goal_accomplished_gif_goal_01jpg
jpg:prj_remind_goal_accomplished_gif_goal_01_00jpg
jpg:prj_remind_goal_accomplished_gif_goal_02jpg
jpg:prj_remind_goal_accomplished_gif_goal_02_01jpg
jpg:prj_remind_goal_accomplished_gif_goal_03jpg
jpg:prj_remind_goal_accomplished_gif_goal_03_02jpg
jpg:prj_remind_goal_accomplished_gif_goal_04jpg
jpg:prj_remind_goal_accomplished_gif_goal_04_03jpg
jpg:prj_remind_goal_accomplished_gif_goal_05jpg
jpg:prj_remind_goal_accomplished_gif_goal_05_04jpg
jpg:prj_remind_goal_accomplished_gif_goal_06jpg
jpg:prj_remind_goal_accomplished_gif_goal_06_05jpg
jpg:prj_remind_goal_accomplished_gif_goal_07jpg
jpg:prj_remind_goal_accomplished_gif_goal_07_06jpg
jpg:prj_remind_goal_accomplished_gif_goal_08jpg
jpg:prj_remind_goal_accomplished_gif_goal_08_07jpg
jpg:prj_remind_goal_accomplished_gif_goal_09jpg
jpg:prj_remind_goal_accomplished_gif_goal_09_08jpg
jpg:prj_remind_goal_accomplished_gif_goal_10jpg
jpg:prj_remind_goal_accomplished_gif_goal_10_09jpg
jpg:prj_remind_goal_accomplished_gif_goal_11jpg
jpg:prj_remind_goal_accomplished_gif_goal_11_10jpg
jpg:prj_remind_goal_accomplished_gif_goal_12jpg
jpg:prj_remind_goal_accomplished_gif_goal_12_11jpg
jpg:prj_remind_goal_accomplished_gif_goal_13jpg
jpg:prj_remind_goal_accomplished_gif_goal_13_12jpg
jpg:prj_remind_goal_accomplished_gif_goal_14jpg
jpg:prj_remind_goal_accomplished_gif_goal_14_13jpg
jpg:prj_remind_goal_accomplished_gif_goal_15jpg
jpg:prj_remind_goal_accomplished_gif_goal_15_14jpg
jpg:prj_remind_goal_accomplished_gif_goal_16jpg
jpg:prj_remind_goal_accomplished_gif_goal_16_15jpg
jpg:prj_remind_goal_accomplished_gif_goal_17jpg
jpg:prj_remind_goal_accomplished_gif_goal_17_16jpg
jpg:prj_remind_goal_accomplished_gif_goal_18_17jpg
jpg:prj_remind_period_01_fpjpg
jpg:prj_remind_period_02_mpjpg
jpg:prj_remind_period_fpjpg
lz4:prj_remind_period_fp_bmpbmp
jpg:prj_remind_period_mpjpg
lz4:prj_remind_period_mp_bmpbmp
jpg:prj_remind_sedentary_gif_00jpg
jpg:prj_remind_sedentary_gif_01jpg
jpg:prj_remind_sedentary_gif_02jpg
jpg:prj_remind_sedentary_gif_03jpg
jpg:prj_remind_sedentary_gif_04jpg
jpg:prj_remind_sedentary_gif_05jpg
jpg:prj_remind_sedentary_gif_06jpg
jpg:prj_remind_sedentary_gif_07jpg
jpg:prj_remind_sedentary_gif_08jpg
jpg:prj_remind_sedentary_gif_09jpg
jpg:prj_remind_sedentary_gif_10jpg
jpg:prj_remind_sedentary_gif_11jpg
jpg:prj_remind_sedentary_gif_12jpg
jpg:prj_remind_sedentary_gif_13jpg
jpg:prj_remind_sedentary_gif_14jpg
jpg:prj_remind_sedentary_gif_15jpg
jpg:prj_remind_sedentary_gif_16jpg
jpg:prj_remind_sedentary_gif_17jpg
jpg:prj_remind_sedentary_gif_18jpg
jpg:prj_remind_sedentary_gif_19jpg
jpg:prj_remind_sedentary_gif_20jpg
jpg:prj_remind_sedentary_gif_21jpg
jpg:prj_remind_sedentary_gif_22jpg
jpg:prj_remind_sedentary_gif_23jpg
jpg:prj_remind_sedentary_gif_24jpg
jpg:prj_remind_sedentary_gif_25jpg
jpg:prj_remind_sedentary_gif_26jpg
jpg:prj_remind_sedentary_gif_27jpg
jpg:prj_remind_sedentary_gif_28jpg
jpg:prj_remind_sedentary_gif_29jpg
jpg:prj_remind_sedentary_gif_30jpg
jpg:prj_remind_sedentary_gif_31jpg
jpg:prj_remind_sedentary_gif_32jpg
jpg:prj_remind_sedentary_gif_33jpg
jpg:prj_remind_sedentary_gif_34jpg
jpg:prj_remind_sedentary_gif_35jpg
jpg:prj_remind_sedentary_gif_36jpg
jpg:prj_remind_sedentary_gif_37jpg
jpg:prj_remind_sedentary_gif_38jpg
jpg:prj_remind_sedentary_gif_39jpg
jpg:prj_remind_sedentary_gif_sedentary_00jpg
jpg:prj_remind_sedentary_gif_sedentary_01jpg
jpg:prj_remind_sedentary_gif_sedentary_02jpg
jpg:prj_remind_sedentary_gif_sedentary_03jpg
jpg:prj_remind_sedentary_gif_sedentary_04jpg
jpg:prj_remind_sedentary_gif_sedentary_05jpg
jpg:prj_remind_sedentary_gif_sedentary_06jpg
jpg:prj_remind_sedentary_gif_sedentary_07jpg
jpg:prj_remind_sedentary_gif_sedentary_08jpg
jpg:prj_remind_sedentary_gif_sedentary_09jpg
jpg:prj_remind_sedentary_gif_sedentary_10jpg
jpg:prj_remind_sedentary_gif_sedentary_11jpg
jpg:prj_remind_sedentary_gif_sedentary_12jpg
jpg:prj_remind_sedentary_gif_sedentary_13jpg
jpg:prj_remind_sedentary_gif_sedentary_14jpg
jpg:prj_remind_sedentary_gif_sedentary_15jpg
jpg:prj_remind_sedentary_gif_sedentary_16jpg
jpg:prj_remind_sedentary_gif_sedentary_17jpg
jpg:prj_remind_sedentary_gif_sedentary_18jpg
jpg:prj_remind_sedentary_gif_sedentary_19jpg
jpg:prj_remind_sedentary_gif_sedentary_20jpg
jpg:prj_remind_sedentary_gif_sedentary_21jpg
jpg:prj_remind_sedentary_gif_sedentary_22jpg
jpg:prj_remind_sedentary_gif_sedentary_23jpg
jpg:prj_remind_sedentary_gif_sedentary_24jpg
jpg:prj_remind_sedentary_gif_sedentary_25jpg
jpg:prj_remind_sedentary_gif_sedentary_26jpg
jpg:prj_remind_sedentary_gif_sedentary_27jpg
jpg:prj_remind_sedentary_gif_sedentary_28jpg
jpg:prj_remind_sedentary_gif_sedentary_29jpg
jpg:prj_remind_sedentary_gif_sedentary_30jpg
jpg:prj_remind_sedentary_gif_sedentary_31jpg
jpg:prj_remind_sedentary_gif_sedentary_32jpg
jpg:prj_remind_sedentary_gif_sedentary_33jpg
jpg:prj_remind_sedentary_gif_sedentary_34jpg
jpg:prj_remind_sedentary_gif_sedentary_35jpg
jpg:prj_remind_sedentary_gif_sedentary_36jpg
jpg:prj_remind_sedentary_gif_sedentary_37jpg
jpg:prj_remind_sedentary_gif_sedentary_38jpg
jpg:prj_remind_sedentary_gif_sedentary_39jpg
jpg:prj_repeat_01_btjpg
png:prj_repeat_02_windowpng
lz4:prj_repeat_03_barbmp
lz4:prj_repeat_04_barbmp
lz4:prj_repeat_05_dotbmp
lz4:prj_repeat_06_dotbmp
jpg:prj_repeat_arrow_01_backjpg
jpg:prj_repeat_arrow_02_underjpg
jpg:prj_repeat_arrow_03_upjpg
jpg:prj_repeat_arrow_04_backjpg
jpg:prj_repeat_arrow_05_backjpg
lz4:prj_repeat_arrow_06_backbmp
jpg:prj_repeat_arrow_backjpg
jpg:prj_repeat_arrow_morejpg
jpg:prj_repeat_arrow_p0004_backjpg
jpg:prj_repeat_arrow_p0005_backjpg
lz4:prj_repeat_arrow_p0006_backbmp
jpg:prj_repeat_arrow_underjpg
jpg:prj_repeat_arrow_upjpg
lz4:prj_repeat_barbmp
jpg:prj_repeat_box_alarm_01_left_downjpg
jpg:prj_repeat_box_alarm_02_left_upjpg
jpg:prj_repeat_box_alarm_03_right_downjpg
jpg:prj_repeat_box_alarm_04_right_upjpg
jpg:prj_repeat_box_alarm_downjpg
jpg:prj_repeat_box_alarm_left_downjpg
jpg:prj_repeat_box_alarm_left_upjpg
jpg:prj_repeat_box_alarm_p0003_right_downjpg
jpg:prj_repeat_box_alarm_p0004_right_upjpg
jpg:prj_repeat_box_alarm_right_downjpg
jpg:prj_repeat_box_alarm_right_upjpg
jpg:prj_repeat_box_alarm_upjpg
jpg:prj_repeat_box_grey_01_left_downjpg
jpg:prj_repeat_box_grey_02_left_upjpg
jpg:prj_repeat_box_grey_03_right_downjpg
jpg:prj_repeat_box_grey_04_right_upjpg
jpg:prj_repeat_box_grey_downjpg
jpg:prj_repeat_box_grey_left_downjpg
jpg:prj_repeat_box_grey_left_upjpg
jpg:prj_repeat_box_grey_p0003_right_downjpg
jpg:prj_repeat_box_grey_p0004_right_upjpg
jpg:prj_repeat_box_grey_right_downjpg
jpg:prj_repeat_box_grey_right_upjpg
jpg:prj_repeat_box_grey_upjpg
jpg:prj_repeat_box_sleep_breathe_01_left_downjpg
jpg:prj_repeat_box_sleep_breathe_02_left_upjpg
jpg:prj_repeat_box_sleep_breathe_03_right_downjpg
jpg:prj_repeat_box_sleep_breathe_04_right_upjpg
jpg:prj_repeat_box_sleep_breathe_downjpg
jpg:prj_repeat_box_sleep_breathe_left_downjpg
jpg:prj_repeat_box_sleep_breathe_left_upjpg
jpg:prj_repeat_box_sleep_breathe_p0003_right_downjpg
jpg:prj_repeat_box_sleep_breathe_p0004_right_upjpg
jpg:prj_repeat_box_sleep_breathe_right_downjpg
jpg:prj_repeat_box_sleep_breathe_right_upjpg
jpg:prj_repeat_box_sleep_breathe_upjpg
jpg:prj_repeat_box_sport_set_01_left_downjpg
jpg:prj_repeat_box_sport_set_02_left_upjpg
jpg:prj_repeat_box_sport_set_03_right_downjpg
jpg:prj_repeat_box_sport_set_04_right_upjpg
jpg:prj_repeat_box_sport_set_dis_01_left_downjpg
jpg:prj_repeat_box_sport_set_dis_02_left_upjpg
jpg:prj_repeat_box_sport_set_dis_03_right_downjpg
jpg:prj_repeat_box_sport_set_dis_04_right_upjpg
jpg:prj_repeat_box_sport_set_dis_downjpg
jpg:prj_repeat_box_sport_set_dis_left_downjpg
jpg:prj_repeat_box_sport_set_dis_left_upjpg
jpg:prj_repeat_box_sport_set_dis_p0003_right_downjpg
jpg:prj_repeat_box_sport_set_dis_p0004_right_upjpg
jpg:prj_repeat_box_sport_set_dis_right_downjpg
jpg:prj_repeat_box_sport_set_dis_right_upjpg
jpg:prj_repeat_box_sport_set_dis_upjpg
jpg:prj_repeat_box_sport_set_downjpg
jpg:prj_repeat_box_sport_set_heart_01_left_downjpg
jpg:prj_repeat_box_sport_set_heart_02_left_upjpg
jpg:prj_repeat_box_sport_set_heart_03_right_downjpg
jpg:prj_repeat_box_sport_set_heart_04_right_upjpg
jpg:prj_repeat_box_sport_set_heart_downjpg
jpg:prj_repeat_box_sport_set_heart_left_downjpg
jpg:prj_repeat_box_sport_set_heart_left_upjpg
jpg:prj_repeat_box_sport_set_heart_p0003_right_downjpg
jpg:prj_repeat_box_sport_set_heart_p0004_right_upjpg
jpg:prj_repeat_box_sport_set_heart_right_downjpg
jpg:prj_repeat_box_sport_set_heart_right_upjpg
jpg:prj_repeat_box_sport_set_heart_upjpg
jpg:prj_repeat_box_sport_set_kcal_01_left_downjpg
jpg:prj_repeat_box_sport_set_kcal_02_left_upjpg
jpg:prj_repeat_box_sport_set_kcal_03_right_downjpg
jpg:prj_repeat_box_sport_set_kcal_04_right_upjpg
jpg:prj_repeat_box_sport_set_kcal_downjpg
jpg:prj_repeat_box_sport_set_kcal_left_downjpg
jpg:prj_repeat_box_sport_set_kcal_left_upjpg
jpg:prj_repeat_box_sport_set_kcal_p0003_right_downjpg
jpg:prj_repeat_box_sport_set_kcal_p0004_right_upjpg
jpg:prj_repeat_box_sport_set_kcal_right_downjpg
jpg:prj_repeat_box_sport_set_kcal_right_upjpg
jpg:prj_repeat_box_sport_set_kcal_upjpg
jpg:prj_repeat_box_sport_set_left_downjpg
jpg:prj_repeat_box_sport_set_left_upjpg
jpg:prj_repeat_box_sport_set_p0003_right_downjpg
jpg:prj_repeat_box_sport_set_p0004_right_upjpg
jpg:prj_repeat_box_sport_set_right_downjpg
jpg:prj_repeat_box_sport_set_right_upjpg
jpg:prj_repeat_box_sport_set_time_01_left_downjpg
jpg:prj_repeat_box_sport_set_time_02_left_upjpg
jpg:prj_repeat_box_sport_set_time_03_right_downjpg
jpg:prj_repeat_box_sport_set_time_04_right_upjpg
jpg:prj_repeat_box_sport_set_time_downjpg
jpg:prj_repeat_box_sport_set_time_left_downjpg
jpg:prj_repeat_box_sport_set_time_left_upjpg
jpg:prj_repeat_box_sport_set_time_p0003_right_downjpg
jpg:prj_repeat_box_sport_set_time_p0004_right_upjpg
jpg:prj_repeat_box_sport_set_time_right_downjpg
jpg:prj_repeat_box_sport_set_time_right_upjpg
jpg:prj_repeat_box_sport_set_time_upjpg
jpg:prj_repeat_box_sport_set_trip_number_01_left_downjpg
jpg:prj_repeat_box_sport_set_trip_number_02_left_upjpg
jpg:prj_repeat_box_sport_set_trip_number_03_right_downjpg
jpg:prj_repeat_box_sport_set_trip_number_04_right_upjpg
jpg:prj_repeat_box_sport_set_trip_number_downjpg
jpg:prj_repeat_box_sport_set_trip_number_left_downjpg
jpg:prj_repeat_box_sport_set_trip_number_left_upjpg
jpg:prj_repeat_box_sport_set_trip_number_p0003_right_downjpg
jpg:prj_repeat_box_sport_set_trip_number_p0004_right_upjpg
jpg:prj_repeat_box_sport_set_trip_number_right_downjpg
jpg:prj_repeat_box_sport_set_trip_number_right_upjpg
jpg:prj_repeat_box_sport_set_trip_number_upjpg
jpg:prj_repeat_box_sport_set_upjpg
jpg:prj_repeat_box_sport_set_yellow_01_left_downjpg
jpg:prj_repeat_box_sport_set_yellow_02_left_upjpg
jpg:prj_repeat_box_sport_set_yellow_03_right_downjpg
jpg:prj_repeat_box_sport_set_yellow_04_right_upjpg
jpg:prj_repeat_box_sport_set_yellow_downjpg
jpg:prj_repeat_box_sport_set_yellow_left_downjpg
jpg:prj_repeat_box_sport_set_yellow_left_upjpg
jpg:prj_repeat_box_sport_set_yellow_p0003_right_downjpg
jpg:prj_repeat_box_sport_set_yellow_p0004_right_upjpg
jpg:prj_repeat_box_sport_set_yellow_right_downjpg
jpg:prj_repeat_box_sport_set_yellow_right_upjpg
jpg:prj_repeat_box_sport_set_yellow_upjpg
jpg:prj_repeat_box_tmr_01_left_downjpg
jpg:prj_repeat_box_tmr_02_left_upjpg
jpg:prj_repeat_box_tmr_03_right_downjpg
jpg:prj_repeat_box_tmr_04_right_upjpg
jpg:prj_repeat_box_tmr_downjpg
jpg:prj_repeat_box_tmr_left_downjpg
jpg:prj_repeat_box_tmr_left_upjpg
jpg:prj_repeat_box_tmr_p0003_right_downjpg
jpg:prj_repeat_box_tmr_p0004_right_upjpg
jpg:prj_repeat_box_tmr_right_downjpg
jpg:prj_repeat_box_tmr_right_upjpg
jpg:prj_repeat_box_tmr_upjpg
jpg:prj_repeat_btjpg
jpg:prj_repeat_btn_01jpg
png:prj_repeat_btn_01_card_mediunpng
jpg:prj_repeat_btn_02jpg
jpg:prj_repeat_btn_02_closejpg
jpg:prj_repeat_btn_04_delete_01jpg
jpg:prj_repeat_btn_05_delete_02jpg
jpg:prj_repeat_btn_06_delete_dotjpg
jpg:prj_repeat_btn_11_ok_alarmjpg
jpg:prj_repeat_btn_12_ok_breathe_sleep_sportjpg
jpg:prj_repeat_btn_13_ok_calljpg
jpg:prj_repeat_btn_14_ok_heart_spo2_setjpg
jpg:prj_repeat_btn_15_ok_sport_disjpg
jpg:prj_repeat_btn_16_ok_sport_dis_timejpg
jpg:prj_repeat_btn_17_ok_sport_heartjpg
jpg:prj_repeat_btn_18_ok_sport_kcaljpg
jpg:prj_repeat_btn_19_ok_sport_timejpg
jpg:prj_repeat_btn_20_ok_sport_trip_numberjpg
jpg:prj_repeat_btn_21_retey_stressjpg
jpg:prj_repeat_btn_22_retry_heartjpg
jpg:prj_repeat_btn_alarmjpg
jpg:prj_repeat_btn_calljpg
png:prj_repeat_btn_card_mediunpng
jpg:prj_repeat_btn_closejpg
jpg:prj_repeat_btn_delete_00_r46_1jpg
jpg:prj_repeat_btn_delete_00_r46_2jpg
jpg:prj_repeat_btn_delete_00_r46_3jpg
jpg:prj_repeat_btn_delete_00_r46_4jpg
jpg:prj_repeat_btn_delete_01jpg
jpg:prj_repeat_btn_delete_02jpg
jpg:prj_repeat_btn_delete_dotjpg
jpg:prj_repeat_btn_disjpg
jpg:prj_repeat_btn_dotjpg
jpg:prj_repeat_btn_heartjpg
jpg:prj_repeat_btn_kcaljpg
png:prj_repeat_btn_mediunpng
jpg:prj_repeat_btn_numberjpg
jpg:prj_repeat_btn_ok_alarmjpg
jpg:prj_repeat_btn_ok_breathe_sleep_sportjpg
jpg:prj_repeat_btn_ok_calljpg
jpg:prj_repeat_btn_ok_heart_spo2_setjpg
jpg:prj_repeat_btn_ok_sport_disjpg
jpg:prj_repeat_btn_ok_sport_dis_timejpg
jpg:prj_repeat_btn_ok_sport_heartjpg
jpg:prj_repeat_btn_ok_sport_kcaljpg
jpg:prj_repeat_btn_ok_sport_timejpg
jpg:prj_repeat_btn_ok_sport_trip_numberjpg
jpg:prj_repeat_btn_p0019_ok_sport_timejpg
jpg:prj_repeat_btn_p0022_retry_heartjpg
jpg:prj_repeat_btn_rect_alarms_r46_1jpg
jpg:prj_repeat_btn_rect_alarms_r46_2jpg
jpg:prj_repeat_btn_rect_alarms_r46_3jpg
jpg:prj_repeat_btn_rect_alarms_r46_4jpg
jpg:prj_repeat_btn_rect_breathe_sleep_r46_01_delete_00_r46_1jpg
jpg:prj_repeat_btn_rect_breathe_sleep_r46_02_delete_00_r46_2jpg
jpg:prj_repeat_btn_rect_breathe_sleep_r46_03_delete_00_r46_3jpg
jpg:prj_repeat_btn_rect_breathe_sleep_r46_04_delete_00_r46_4jpg
jpg:prj_repeat_btn_rect_breathe_sleep_r46_05_rect_alarms_r46_1jpg
jpg:prj_repeat_btn_rect_breathe_sleep_r46_06_rect_alarms_r46_2jpg
jpg:prj_repeat_btn_rect_breathe_sleep_r46_07_rect_alarms_r46_3jpg
jpg:prj_repeat_btn_rect_breathe_sleep_r46_08_rect_alarms_r46_4jpg
jpg:prj_repeat_btn_rect_breathe_sleep_r46_09_rect_breathe_sleep_r46_1jpg
jpg:prj_repeat_btn_rect_breathe_sleep_r46_1jpg
jpg:prj_repeat_btn_rect_breathe_sleep_r46_10_rect_breathe_sleep_r46_2jpg
jpg:prj_repeat_btn_rect_breathe_sleep_r46_11_rect_breathe_sleep_r46_3jpg
jpg:prj_repeat_btn_rect_breathe_sleep_r46_12_rect_breathe_sleep_r46_4jpg
jpg:prj_repeat_btn_rect_breathe_sleep_r46_13_rect_grey_r46_1jpg
jpg:prj_repeat_btn_rect_breathe_sleep_r46_14_rect_grey_r46_2jpg
jpg:prj_repeat_btn_rect_breathe_sleep_r46_15_rect_grey_r46_3jpg
jpg:prj_repeat_btn_rect_breathe_sleep_r46_16_rect_grey_r46_4jpg
jpg:prj_repeat_btn_rect_breathe_sleep_r46_17_rect_sport_r46_1jpg
jpg:prj_repeat_btn_rect_breathe_sleep_r46_18_rect_sport_r46_2jpg
jpg:prj_repeat_btn_rect_breathe_sleep_r46_19_rect_sport_r46_3jpg
jpg:prj_repeat_btn_rect_breathe_sleep_r46_2jpg
jpg:prj_repeat_btn_rect_breathe_sleep_r46_20_rect_sport_r46_4jpg
jpg:prj_repeat_btn_rect_breathe_sleep_r46_21_rect_tmr_r46_1jpg
jpg:prj_repeat_btn_rect_breathe_sleep_r46_22_rect_tmr_r46_2jpg
jpg:prj_repeat_btn_rect_breathe_sleep_r46_23_rect_tmr_r46_3jpg
jpg:prj_repeat_btn_rect_breathe_sleep_r46_24_rect_tmr_r46_4jpg
jpg:prj_repeat_btn_rect_breathe_sleep_r46_3jpg
jpg:prj_repeat_btn_rect_breathe_sleep_r46_4jpg
jpg:prj_repeat_btn_rect_breathe_sleep_r46_p0005_rect_alarms_r46_1jpg
jpg:prj_repeat_btn_rect_breathe_sleep_r46_p0006_rect_alarms_r46_2jpg
jpg:prj_repeat_btn_rect_breathe_sleep_r46_p0007_rect_alarms_r46_3jpg
jpg:prj_repeat_btn_rect_breathe_sleep_r46_p0008_rect_alarms_r46_4jpg
jpg:prj_repeat_btn_rect_breathe_sleep_r46_p0009_rect_breathe_sleep_r46_1jpg
jpg:prj_repeat_btn_rect_breathe_sleep_r46_p0010_rect_breathe_sleep_r46_2jpg
jpg:prj_repeat_btn_rect_breathe_sleep_r46_p0011_rect_breathe_sleep_r46_3jpg
jpg:prj_repeat_btn_rect_breathe_sleep_r46_p0012_rect_breathe_sleep_r46_4jpg
jpg:prj_repeat_btn_rect_breathe_sleep_r46_p0013_rect_grey_r46_1jpg
jpg:prj_repeat_btn_rect_breathe_sleep_r46_p0014_rect_grey_r46_2jpg
jpg:prj_repeat_btn_rect_breathe_sleep_r46_p0015_rect_grey_r46_3jpg
jpg:prj_repeat_btn_rect_breathe_sleep_r46_p0016_rect_grey_r46_4jpg
jpg:prj_repeat_btn_rect_breathe_sleep_r46_p0017_rect_sport_r46_1jpg
jpg:prj_repeat_btn_rect_breathe_sleep_r46_p0018_rect_sport_r46_2jpg
jpg:prj_repeat_btn_rect_breathe_sleep_r46_p0019_rect_sport_r46_3jpg
jpg:prj_repeat_btn_rect_breathe_sleep_r46_p0020_rect_sport_r46_4jpg
jpg:prj_repeat_btn_rect_breathe_sleep_r46_p0021_rect_tmr_r46_1jpg
jpg:prj_repeat_btn_rect_breathe_sleep_r46_p0022_rect_tmr_r46_2jpg
jpg:prj_repeat_btn_rect_breathe_sleep_r46_p0023_rect_tmr_r46_3jpg
jpg:prj_repeat_btn_rect_breathe_sleep_r46_p0024_rect_tmr_r46_4jpg
jpg:prj_repeat_btn_rect_breathe_sleep_r46_p0025_rect_sport_r46_1jpg
jpg:prj_repeat_btn_rect_breathe_sleep_r46_p0026_rect_sport_r46_2jpg
jpg:prj_repeat_btn_rect_breathe_sleep_r46_p0027_rect_sport_r46_3jpg
jpg:prj_repeat_btn_rect_breathe_sleep_r46_p0028_rect_sport_r46_4jpg
jpg:prj_repeat_btn_rect_grey_r46_1jpg
jpg:prj_repeat_btn_rect_grey_r46_2jpg
jpg:prj_repeat_btn_rect_grey_r46_3jpg
jpg:prj_repeat_btn_rect_grey_r46_4jpg
jpg:prj_repeat_btn_rect_sport_g_r46_00jpg
jpg:prj_repeat_btn_rect_sport_g_r46_01jpg
jpg:prj_repeat_btn_rect_sport_g_r46_02jpg
jpg:prj_repeat_btn_rect_sport_g_r46_03jpg
jpg:prj_repeat_btn_rect_sport_r46_1jpg
jpg:prj_repeat_btn_rect_sport_r46_2jpg
jpg:prj_repeat_btn_rect_sport_r46_3jpg
jpg:prj_repeat_btn_rect_sport_r46_4jpg
jpg:prj_repeat_btn_rect_tmr_r46_1jpg
jpg:prj_repeat_btn_rect_tmr_r46_2jpg
jpg:prj_repeat_btn_rect_tmr_r46_3jpg
jpg:prj_repeat_btn_rect_tmr_r46_4jpg
jpg:prj_repeat_btn_retey_stressjpg
jpg:prj_repeat_btn_retry_heartjpg
jpg:prj_repeat_btn_setjpg
jpg:prj_repeat_btn_sportjpg
jpg:prj_repeat_btn_stressjpg
jpg:prj_repeat_btn_timejpg
jpg:prj_repeat_card_01jpg
jpg:prj_repeat_card_01_heartjpg
jpg:prj_repeat_card_01_heart_01jpg
jpg:prj_repeat_card_02_small_downjpg
jpg:prj_repeat_card_03_small_onjpg
jpg:prj_repeat_card_04_r36_1jpg
jpg:prj_repeat_card_05_r36_2jpg
jpg:prj_repeat_card_06_r36_3jpg
jpg:prj_repeat_card_07_r36_4jpg
jpg:prj_repeat_card_08_r36_5jpg
jpg:prj_repeat_card_09_r36_6jpg
jpg:prj_repeat_card_1jpg
jpg:prj_repeat_card_10_r36_7jpg
jpg:prj_repeat_card_11_r36_8jpg
jpg:prj_repeat_card_12_r40_1jpg
jpg:prj_repeat_card_13_r40_2jpg
jpg:prj_repeat_card_14_r40_3jpg
jpg:prj_repeat_card_15_r40_4jpg
jpg:prj_repeat_card_2jpg
jpg:prj_repeat_card_3jpg
jpg:prj_repeat_card_4jpg
jpg:prj_repeat_card_5jpg
jpg:prj_repeat_card_6jpg
jpg:prj_repeat_card_7jpg
jpg:prj_repeat_card_8jpg
jpg:prj_repeat_card_downjpg
jpg:prj_repeat_card_heartjpg
jpg:prj_repeat_card_heart_01jpg
jpg:prj_repeat_card_onjpg
jpg:prj_repeat_card_p0012_r40_1jpg
jpg:prj_repeat_card_p0013_r40_2jpg
jpg:prj_repeat_card_p0014_r40_3jpg
jpg:prj_repeat_card_p0015_r40_4jpg
jpg:prj_repeat_card_r36_1jpg
jpg:prj_repeat_card_r36_2jpg
jpg:prj_repeat_card_r36_3jpg
jpg:prj_repeat_card_r36_4jpg
jpg:prj_repeat_card_r36_5jpg
jpg:prj_repeat_card_r36_6jpg
jpg:prj_repeat_card_r36_7jpg
jpg:prj_repeat_card_r36_8jpg
jpg:prj_repeat_card_r40_1jpg
jpg:prj_repeat_card_r40_2jpg
jpg:prj_repeat_card_r40_3jpg
jpg:prj_repeat_card_r40_4jpg
jpg:prj_repeat_card_set_01jpg
jpg:prj_repeat_card_small_downjpg
jpg:prj_repeat_card_small_onjpg
png:prj_repeat_card_sport_bg1png
png:prj_repeat_card_sport_bg2png
png:prj_repeat_control_01_checkpng
png:prj_repeat_control_checkpng
jpg:prj_repeat_dot_01_greyjpg
jpg:prj_repeat_dot_02_whitejpg
jpg:prj_repeat_dot_greyjpg
jpg:prj_repeat_dot_whitejpg
jpg:prj_repeat_map_01_max_heartjpg
jpg:prj_repeat_map_02_max_stressjpg
jpg:prj_repeat_map_03_minjpg
jpg:prj_repeat_map_heartjpg
jpg:prj_repeat_map_max_heartjpg
jpg:prj_repeat_map_max_stressjpg
jpg:prj_repeat_map_minjpg
jpg:prj_repeat_map_stressjpg
png:prj_repeat_mask_01_big_downpng
png:prj_repeat_mask_02_big_uppng
png:prj_repeat_mask_03_small_downpng
png:prj_repeat_mask_04_small_uppng
png:prj_repeat_mask_05_big_downpng
png:prj_repeat_mask_06_big_uppng
png:prj_repeat_mask_07_small_downpng
png:prj_repeat_mask_08_small_uppng
png:prj_repeat_mask_09_all_maskpng
png:prj_repeat_mask_10_all_maskpng
png:prj_repeat_mask_11_all_maskpng
png:prj_repeat_mask_12_all_maskpng
png:prj_repeat_mask_bigpng
png:prj_repeat_mask_big_downpng
png:prj_repeat_mask_big_uppng
png:prj_repeat_mask_downpng
png:prj_repeat_mask_maskpng
png:prj_repeat_mask_p0003_small_downpng
png:prj_repeat_mask_p0004_small_uppng
png:prj_repeat_mask_p0005_big_downpng
png:prj_repeat_mask_p0006_big_uppng
png:prj_repeat_mask_p0007_small_downpng
png:prj_repeat_mask_p0008_small_uppng
png:prj_repeat_mask_p0010_all_maskpng
png:prj_repeat_mask_p0011_all_maskpng
png:prj_repeat_mask_p0012_all_maskpng
png:prj_repeat_mask_small_downpng
png:prj_repeat_mask_small_uppng
png:prj_repeat_mask_uppng
lz4:prj_repeat_p0004_barbmp
jpg:prj_repeat_slider_01_bgjpg
lz4:prj_repeat_slider_02_dotbmp
lz4:prj_repeat_slider_03_ringbmp
png:prj_repeat_slider_04_bgpng
jpg:prj_repeat_slider_bgjpg
png:prj_repeat_slider_bgpng
lz4:prj_repeat_slider_dotbmp
png:prj_repeat_slider_prog_bar_00png
png:prj_repeat_slider_prog_bar_01png
png:prj_repeat_slider_prog_bar_01_00png
png:prj_repeat_slider_prog_bar_02png
png:prj_repeat_slider_prog_bar_02_01png
png:prj_repeat_slider_prog_bar_03png
png:prj_repeat_slider_prog_bar_03_02png
png:prj_repeat_slider_prog_bar_04png
png:prj_repeat_slider_prog_bar_04_03png
png:prj_repeat_slider_prog_bar_05png
png:prj_repeat_slider_prog_bar_05_04png
png:prj_repeat_slider_prog_bar_06_05png
png:prj_repeat_slider_prog_bar_07_bgpng
png:prj_repeat_slider_prog_bar_bgpng
lz4:prj_repeat_slider_ringbmp
png:prj_repeat_slider_slider_42X225_x422_115_p0001_icon_prog_bar_2png
png:prj_repeat_slider_slider_42X225_x422_115_p0002_icon_prog_bar_3png
png:prj_repeat_slider_slider_42X225_x422_115_p0003_icon_prog_bar_4png
png:prj_repeat_slider_slider_42X225_x422_115_p0004_icon_prog_bar_5png
png:prj_repeat_slider_slider_42X225_x422_115_p0005_icon_prog_bar_6png
png:prj_repeat_slider_slider_42X225_x422_115_p0006_icon_prog_bar_7png
png:prj_repeat_slider_slider_42X225_x422_115_p0007_icon_prog_bar_bjpng
png:prj_repeat_switch_01_alarmspng
png:prj_repeat_switch_02_batterypng
png:prj_repeat_switch_03_dotpng
png:prj_repeat_switch_04_heartpng
png:prj_repeat_switch_05_offpng
png:prj_repeat_switch_06_sleeppng
png:prj_repeat_switch_07_sport_setpng
png:prj_repeat_switch_alarmspng
png:prj_repeat_switch_batterypng
png:prj_repeat_switch_dotpng
png:prj_repeat_switch_heartpng
png:prj_repeat_switch_offpng
png:prj_repeat_switch_setpng
png:prj_repeat_switch_sleeppng
png:prj_repeat_switch_sport_setpng
png:prj_repeat_windowpng
png:prj_set_00_list_01_aboutpng
png:prj_set_00_list_02_aodpng
png:prj_set_00_list_03_brtpng
png:prj_set_00_list_04_coverpng
png:prj_set_00_list_05_dndpng
png:prj_set_00_list_06_downpng
png:prj_set_00_list_07_pwdpng
png:prj_set_00_list_08_soundpng
png:prj_set_00_list_09_sportpng
png:prj_set_00_list_10_syspng
png:prj_set_00_list_11_themepng
png:prj_set_00_list_12_timepng
png:prj_set_00_list_13_watchfacepng
png:prj_set_00_list_14_languagepng
png:prj_set_00_list_15_QRpng
png:prj_set_00_list_aboutpng
png:prj_set_00_list_aodpng
png:prj_set_00_list_brtpng
png:prj_set_00_list_coverpng
png:prj_set_00_list_dndpng
png:prj_set_00_list_downpng
png:prj_set_00_list_languagepng
png:prj_set_00_list_pwdpng
png:prj_set_00_list_QRpng
png:prj_set_00_list_soundpng
png:prj_set_00_list_sportpng
png:prj_set_00_list_switchpng
png:prj_set_00_list_syspng
png:prj_set_00_list_themepng
png:prj_set_00_list_timepng
png:prj_set_00_list_watchfacepng
png:prj_set_01_kuangpng
png:prj_set_01_watch_face_dispng
png:prj_set_01_watch_face_kcalpng
png:prj_set_01_watch_face_sleeppng
png:prj_set_01_watch_face_stepspng
jpg:prj_set_02_aod_dial_1_01_previewjpg
png:prj_set_02_aod_dial_1_02_gridpng
png:prj_set_02_aod_dial_1_gridpng
jpg:prj_set_02_aod_dial_1_num_00jpg
jpg:prj_set_02_aod_dial_1_num_01jpg
jpg:prj_set_02_aod_dial_1_num_01_00jpg
jpg:prj_set_02_aod_dial_1_num_02jpg
jpg:prj_set_02_aod_dial_1_num_02_01jpg
jpg:prj_set_02_aod_dial_1_num_03jpg
jpg:prj_set_02_aod_dial_1_num_03_02jpg
jpg:prj_set_02_aod_dial_1_num_04jpg
jpg:prj_set_02_aod_dial_1_num_04_03jpg
jpg:prj_set_02_aod_dial_1_num_05jpg
jpg:prj_set_02_aod_dial_1_num_05_04jpg
jpg:prj_set_02_aod_dial_1_num_06jpg
jpg:prj_set_02_aod_dial_1_num_06_05jpg
jpg:prj_set_02_aod_dial_1_num_07jpg
jpg:prj_set_02_aod_dial_1_num_07_06jpg
jpg:prj_set_02_aod_dial_1_num_08jpg
jpg:prj_set_02_aod_dial_1_num_08_07jpg
jpg:prj_set_02_aod_dial_1_num_09jpg
jpg:prj_set_02_aod_dial_1_num_09_08jpg
jpg:prj_set_02_aod_dial_1_num_10jpg
jpg:prj_set_02_aod_dial_1_num_10_09jpg
jpg:prj_set_02_aod_dial_1_num_11_10jpg
jpg:prj_set_02_aod_dial_1_previewjpg
png:prj_set_02_aod_dial_1_previewpng
jpg:prj_set_02_aod_dial_2_01_previewjpg
png:prj_set_02_aod_dial_2_02_gridpng
jpg:prj_set_02_aod_dial_2_bg_01_bgjpg
jpg:prj_set_02_aod_dial_2_bg_bgjpg
png:prj_set_02_aod_dial_2_gridpng
png:prj_set_02_aod_dial_2_point_01_hourpng
png:prj_set_02_aod_dial_2_point_02_minpng
png:prj_set_02_aod_dial_2_point_hourpng
png:prj_set_02_aod_dial_2_point_minpng
jpg:prj_set_02_aod_dial_2_previewjpg
png:prj_set_02_aod_dial_2_previewpng
png:prj_set_03_bright_sound_theme_dnd_01_bar_1png
lz4:prj_set_03_bright_sound_theme_dnd_02_bar_2bmp
png:prj_set_03_bright_sound_theme_dnd_03_bright_1png
png:prj_set_03_bright_sound_theme_dnd_04_bright_2png
jpg:prj_set_03_bright_sound_theme_dnd_05_linejpg
png:prj_set_03_bright_sound_theme_dnd_06_sound_1png
png:prj_set_03_bright_sound_theme_dnd_07_sound_2png
png:prj_set_03_bright_sound_theme_dnd_1png
lz4:prj_set_03_bright_sound_theme_dnd_2bmp
png:prj_set_03_bright_sound_theme_dnd_2png
png:prj_set_03_bright_sound_theme_dnd_bar_1png
lz4:prj_set_03_bright_sound_theme_dnd_bar_2bmp
png:prj_set_03_bright_sound_theme_dnd_bright_1png
png:prj_set_03_bright_sound_theme_dnd_bright_2png
lz4:prj_set_03_bright_sound_theme_dnd_dotbmp
jpg:prj_set_03_bright_sound_theme_dnd_linejpg
png:prj_set_03_bright_sound_theme_dnd_p0003_bright_1png
png:prj_set_03_bright_sound_theme_dnd_p0006_sound_1png
png:prj_set_03_bright_sound_theme_dnd_p0007_sound_2png
png:prj_set_03_bright_sound_theme_dnd_sound_1png
png:prj_set_03_bright_sound_theme_dnd_sound_2png
jpg:prj_set_05_pwd_01jpg
jpg:prj_set_05_pwd_01_dot1jpg
jpg:prj_set_05_pwd_02_dot2jpg
jpg:prj_set_05_pwd_dot1jpg
jpg:prj_set_05_pwd_dot2jpg
png:prj_set_06_theme_01_fengwopng
png:prj_set_06_theme_02_xingmangpng
png:prj_set_06_theme_03_listpng
png:prj_set_06_theme_04_guanghuanpng
png:prj_set_06_theme_05_bolunpng
png:prj_set_06_theme_06_pubupng
png:prj_set_06_theme_bolunpng
png:prj_set_06_theme_fengwopng
png:prj_set_06_theme_focuspng
png:prj_set_06_theme_guanghuanpng
png:prj_set_06_theme_listpng
png:prj_set_06_theme_pubupng
png:prj_set_06_theme_surroundpng
png:prj_set_06_theme_xingmangpng
png:prj_set_kuangpng
jpg:prj_set_setjpg
jpg:prj_sleep_details_01_awakejpg
jpg:prj_sleep_details_02_deepjpg
jpg:prj_sleep_details_03_lightjpg
jpg:prj_sleep_details_04_linejpg
jpg:prj_sleep_details_05_remjpg
jpg:prj_sleep_details_06_no_datajpg
jpg:prj_sleep_details_awakejpg
jpg:prj_sleep_details_datajpg
jpg:prj_sleep_details_deepjpg
jpg:prj_sleep_details_lightjpg
jpg:prj_sleep_details_linejpg
jpg:prj_sleep_details_no_datajpg
jpg:prj_sleep_details_remjpg
jpg:prj_sleep_details_sapjpg
jpg:prj_sleep_home_01_asleepjpg
jpg:prj_sleep_home_02_wakejpg
jpg:prj_sleep_home_asleepjpg
jpg:prj_sleep_home_bar_00jpg
jpg:prj_sleep_home_bar_01jpg
jpg:prj_sleep_home_bar_01_blue_00jpg
jpg:prj_sleep_home_bar_02_blue_01jpg
jpg:prj_sleep_home_bar_03_grey_00jpg
jpg:prj_sleep_home_bar_04_grey_01jpg
jpg:prj_sleep_home_bar_05_prange_00jpg
jpg:prj_sleep_home_bar_06_prange_01jpg
jpg:prj_sleep_home_bar_07_qing_00jpg
jpg:prj_sleep_home_bar_08_qing_01jpg
jpg:prj_sleep_home_bar_09_zi_00jpg
jpg:prj_sleep_home_bar_10_zi_01jpg
jpg:prj_sleep_home_bar_blue_00jpg
jpg:prj_sleep_home_bar_blue_01jpg
jpg:prj_sleep_home_bar_grey_00jpg
jpg:prj_sleep_home_bar_grey_01jpg
jpg:prj_sleep_home_bar_p0003_grey_00jpg
jpg:prj_sleep_home_bar_p0004_grey_01jpg
jpg:prj_sleep_home_bar_p0005_prange_00jpg
jpg:prj_sleep_home_bar_p0006_prange_01jpg
jpg:prj_sleep_home_bar_p0007_qing_00jpg
jpg:prj_sleep_home_bar_p0008_qing_01jpg
jpg:prj_sleep_home_bar_p0009_zi_00jpg
jpg:prj_sleep_home_bar_p0010_zi_01jpg
jpg:prj_sleep_home_bar_prange_00jpg
jpg:prj_sleep_home_bar_prange_01jpg
jpg:prj_sleep_home_bar_qing_00jpg
jpg:prj_sleep_home_bar_qing_01jpg
jpg:prj_sleep_home_bar_zi_00jpg
jpg:prj_sleep_home_bar_zi_01jpg
jpg:prj_sleep_home_wakejpg
png:prj_sleep_NO_recordpng
png:prj_sleep_recordpng
png:prj_sleep_sleep_set_01_addpng
png:prj_sleep_sleep_set_02_nopng
png:prj_sleep_sleep_set_03_yespng
png:prj_sleep_sleep_set_addpng
png:prj_sleep_sleep_set_nopng
png:prj_sleep_sleep_set_yespng
jpg:prj_spo2_01_spo2jpg
lz4:prj_spo2_barbmp
lz4:prj_spo2_dotbmp
jpg:prj_spo2_gif_00jpg
jpg:prj_spo2_gif_01jpg
jpg:prj_spo2_gif_01_00jpg
jpg:prj_spo2_gif_02jpg
jpg:prj_spo2_gif_02_01jpg
jpg:prj_spo2_gif_03jpg
jpg:prj_spo2_gif_03_02jpg
jpg:prj_spo2_gif_04jpg
jpg:prj_spo2_gif_04_03jpg
jpg:prj_spo2_gif_05jpg
jpg:prj_spo2_gif_05_04jpg
jpg:prj_spo2_gif_06jpg
jpg:prj_spo2_gif_06_05jpg
jpg:prj_spo2_gif_07jpg
jpg:prj_spo2_gif_07_06jpg
jpg:prj_spo2_gif_08jpg
jpg:prj_spo2_gif_08_07jpg
jpg:prj_spo2_gif_09jpg
jpg:prj_spo2_gif_09_08jpg
jpg:prj_spo2_gif_10jpg
jpg:prj_spo2_gif_10_09jpg
jpg:prj_spo2_gif_11jpg
jpg:prj_spo2_gif_11_10jpg
jpg:prj_spo2_gif_12jpg
jpg:prj_spo2_gif_12_11jpg
jpg:prj_spo2_gif_13jpg
jpg:prj_spo2_gif_13_12jpg
jpg:prj_spo2_gif_14jpg
jpg:prj_spo2_gif_14_13jpg
jpg:prj_spo2_gif_15jpg
jpg:prj_spo2_gif_15_14jpg
jpg:prj_spo2_gif_16jpg
jpg:prj_spo2_gif_16_15jpg
jpg:prj_spo2_gif_17jpg
jpg:prj_spo2_gif_17_16jpg
jpg:prj_spo2_gif_18jpg
jpg:prj_spo2_gif_18_17jpg
jpg:prj_spo2_gif_19jpg
jpg:prj_spo2_gif_19_18jpg
jpg:prj_spo2_gif_20jpg
jpg:prj_spo2_gif_20_19jpg
jpg:prj_spo2_gif_21jpg
jpg:prj_spo2_gif_21_20jpg
jpg:prj_spo2_gif_22jpg
jpg:prj_spo2_gif_22_21jpg
jpg:prj_spo2_gif_23jpg
jpg:prj_spo2_gif_23_22jpg
jpg:prj_spo2_gif_24jpg
jpg:prj_spo2_gif_24_23jpg
jpg:prj_spo2_gif_25jpg
jpg:prj_spo2_gif_25_24jpg
jpg:prj_spo2_gif_26jpg
jpg:prj_spo2_gif_26_25jpg
jpg:prj_spo2_gif_27jpg
jpg:prj_spo2_gif_27_26jpg
jpg:prj_spo2_gif_28jpg
jpg:prj_spo2_gif_28_27jpg
jpg:prj_spo2_gif_29jpg
jpg:prj_spo2_gif_29_28jpg
jpg:prj_spo2_gif_30jpg
jpg:prj_spo2_gif_30_29jpg
jpg:prj_spo2_gif_31jpg
jpg:prj_spo2_gif_31_30jpg
jpg:prj_spo2_gif_32_31jpg
jpg:prj_spo2_gif_33_32jpg
jpg:prj_spo2_gif_34_33jpg
jpg:prj_spo2_gif_35_34jpg
jpg:prj_spo2_gif_36_35jpg
jpg:prj_spo2_spo2jpg
jpg:prj_sport_01_addjpg
jpg:prj_sport_01_icon_bj_dajpg
jpg:prj_sport_01_list_02_deletejpg
jpg:prj_sport_01_list_addjpg
png:prj_sport_01_list_big_000_outdoor_runpng
png:prj_sport_01_list_big_001_outdoor_walkpng
png:prj_sport_01_list_big_002_indoor_walkpng
png:prj_sport_01_list_big_003_indoor_runpng
png:prj_sport_01_list_big_005_outdoor_ridepng
png:prj_sport_01_list_big_006_indoor_cyclepng
png:prj_sport_01_list_big_007_pool_swimpng
png:prj_sport_01_list_big_008_open_waterpng
png:prj_sport_01_list_big_009_triathlonpng
png:prj_sport_01_list_big_010_hikingpng
png:prj_sport_01_list_big_011_ellipticalpng
png:prj_sport_01_list_big_012_rowing_machinepng
png:prj_sport_01_list_big_013_dancepng
png:prj_sport_01_list_big_014_free_trainingpng
png:prj_sport_01_list_big_015_general_trainingpng
png:prj_sport_01_list_big_016_trail_runpng
png:prj_sport_01_list_big_017_intense_trainingpng
png:prj_sport_01_list_big_019_stepperpng
png:prj_sport_01_list_big_01_000_outdoor_runpng
png:prj_sport_01_list_big_020_slow_stepperpng
png:prj_sport_01_list_big_021_hiitpng
png:prj_sport_01_list_big_022_fitnesspng
png:prj_sport_01_list_big_023_group_aerobicspng
png:prj_sport_01_list_big_024_yogapng
png:prj_sport_01_list_big_025_cat_posepng
png:prj_sport_01_list_big_026_cow_posepng
png:prj_sport_01_list_big_027_cobra_posepng
png:prj_sport_01_list_big_028_hero_pose1png
png:prj_sport_01_list_big_029_hero_pose2png
png:prj_sport_01_list_big_02_001_outdoor_walkpng
png:prj_sport_01_list_big_030_hero_pose3png
png:prj_sport_01_list_big_031_wheel_runpng
png:prj_sport_01_list_big_032_jump_ropepng
png:prj_sport_01_list_big_033_pilatespng
png:prj_sport_01_list_big_034_crossfitpng
png:prj_sport_01_list_big_035_functionalpng
png:prj_sport_01_list_big_036_fitness_testpng
png:prj_sport_01_list_big_037_taekwondopng
png:prj_sport_01_list_big_038_boxingpng
png:prj_sport_01_list_big_039_free_boxingpng
png:prj_sport_01_list_big_03_002_indoor_walkpng
png:prj_sport_01_list_big_040_karatepng
png:prj_sport_01_list_big_041_kickboxingpng
png:prj_sport_01_list_big_042_core_trainingpng
png:prj_sport_01_list_big_043_boxing_aerobicpng
png:prj_sport_01_list_big_044_scissorspng
png:prj_sport_01_list_big_045_single_barpng
png:prj_sport_01_list_big_046_parallel_barspng
png:prj_sport_01_list_big_047_circuitpng
png:prj_sport_01_list_big_048_aerobicpng
png:prj_sport_01_list_big_049_aerobicspng
png:prj_sport_01_list_big_04_003_indoor_runpng
png:prj_sport_01_list_big_050_px90png
png:prj_sport_01_list_big_051_free_combatpng
png:prj_sport_01_list_big_052_mixed_martialpng
png:prj_sport_01_list_big_053_stair_climberpng
png:prj_sport_01_list_big_054_weight_liftingpng
png:prj_sport_01_list_big_055_barrepng
png:prj_sport_01_list_big_056_hand_wheelpng
png:prj_sport_01_list_big_057_track_fieldpng
png:prj_sport_01_list_big_058_calisthenicspng
png:prj_sport_01_list_big_059_mind_bodypng
png:prj_sport_01_list_big_05_004_treadmillpng
png:prj_sport_01_list_big_060_flexibilitypng
png:prj_sport_01_list_big_061_mixed_aerobicpng
png:prj_sport_01_list_big_062_traditionalpng
png:prj_sport_01_list_big_063_crossoverpng
png:prj_sport_01_list_big_064_gymnasticspng
png:prj_sport_01_list_big_065_steppng
png:prj_sport_01_list_big_066_general_dancepng
png:prj_sport_01_list_big_067_belly_dancepng
png:prj_sport_01_list_big_068_jazz_dancepng
png:prj_sport_01_list_big_069_latin_dancepng
png:prj_sport_01_list_big_06_005_outdoor_ridepng
png:prj_sport_01_list_big_070_balletpng
png:prj_sport_01_list_big_071_street_dancepng
png:prj_sport_01_list_big_072_square_dancepng
png:prj_sport_01_list_big_073_zumbapng
png:prj_sport_01_list_big_074_social_dancepng
png:prj_sport_01_list_big_075_tap_dancepng
png:prj_sport_01_list_big_076_general_leisurepng
png:prj_sport_01_list_big_077_skatingpng
png:prj_sport_01_list_big_078_wushupng
png:prj_sport_01_list_big_079_tai_chipng
png:prj_sport_01_list_big_07_006_indoor_cyclepng
png:prj_sport_01_list_big_080_hula_hooppng
png:prj_sport_01_list_big_081_frisbeepng
png:prj_sport_01_list_big_082_dartspng
png:prj_sport_01_list_big_083_archerypng
png:prj_sport_01_list_big_084_horsebackpng
png:prj_sport_01_list_big_085_team_gamepng
png:prj_sport_01_list_big_086_kite_flyingpng
png:prj_sport_01_list_big_087_tug_of_warpng
png:prj_sport_01_list_big_088_swingpng
png:prj_sport_01_list_big_089_stair_climbingpng
png:prj_sport_01_list_big_08_007_pool_swimpng
png:prj_sport_01_list_big_090_obstacle_racepng
png:prj_sport_01_list_big_091_fishingpng
png:prj_sport_01_list_big_092_huntingpng
png:prj_sport_01_list_big_093_scooterpng
png:prj_sport_01_list_big_094_baseball_altpng
png:prj_sport_01_list_big_095_team_sportspng
png:prj_sport_01_list_big_096_fitness_gamingpng
png:prj_sport_01_list_big_097_walkingpng
png:prj_sport_01_list_big_098_equestrianpng
png:prj_sport_01_list_big_099_funpng
png:prj_sport_01_list_big_09_008_open_waterpng
png:prj_sport_01_list_big_100_ball_gamespng
png:prj_sport_01_list_big_101_basketballpng
png:prj_sport_01_list_big_102_badmintonpng
png:prj_sport_01_list_big_103_table_tennispng
png:prj_sport_01_list_big_104_tennispng
png:prj_sport_01_list_big_105_billiardspng
png:prj_sport_01_list_big_106_bowlingpng
png:prj_sport_01_list_big_107_volleyballpng
png:prj_sport_01_list_big_108_shuttlecockpng
png:prj_sport_01_list_big_109_handballpng
png:prj_sport_01_list_big_10_009_triathlonpng
png:prj_sport_01_list_big_110_baseballpng
png:prj_sport_01_list_big_111_softballpng
png:prj_sport_01_list_big_112_field_hockeypng
png:prj_sport_01_list_big_113_american_footballpng
png:prj_sport_01_list_big_114_beach_soccerpng
png:prj_sport_01_list_big_115_croquetpng
png:prj_sport_01_list_big_116_snookerpng
png:prj_sport_01_list_big_117_sepaktakrawpng
png:prj_sport_01_list_big_118_dodgeballpng
png:prj_sport_01_list_big_119_soccerpng
png:prj_sport_01_list_big_11_010_hikingpng
png:prj_sport_01_list_big_120_golfpng
png:prj_sport_01_list_big_121_polopng
png:prj_sport_01_list_big_122_american_billiardspng
png:prj_sport_01_list_big_123_rugbypng
png:prj_sport_01_list_big_124_gateballpng
png:prj_sport_01_list_big_125_pickleballpng
png:prj_sport_01_list_big_126_lacrossepng
png:prj_sport_01_list_big_127_water_sportspng
png:prj_sport_01_list_big_128_sailingpng
png:prj_sport_01_list_big_129_surfingpng
png:prj_sport_01_list_big_12_011_ellipticalpng
png:prj_sport_01_list_big_130_kayakingpng
png:prj_sport_01_list_big_131_dragon_boatpng
png:prj_sport_01_list_big_132_dragonflypng
png:prj_sport_01_list_big_133_yacht_racingpng
png:prj_sport_01_list_big_134_jetskipng
png:prj_sport_01_list_big_135_beach_volleyballpng
png:prj_sport_01_list_big_136_river_raftingpng
png:prj_sport_01_list_big_137_divingpng
png:prj_sport_01_list_big_138_diving_boardpng
png:prj_sport_01_list_big_139_bodyboardpng
png:prj_sport_01_list_big_13_012_rowing_machinepng
png:prj_sport_01_list_big_140_wakeboardingpng
png:prj_sport_01_list_big_141_water_polopng
png:prj_sport_01_list_big_142_windsurfingpng
png:prj_sport_01_list_big_143_driftpng
png:prj_sport_01_list_big_144_aquatic_fitnesspng
png:prj_sport_01_list_big_145_aquatic_sportpng
png:prj_sport_01_list_big_146_freestylepng
png:prj_sport_01_list_big_147_butterflypng
png:prj_sport_01_list_big_148_butterfly_strokepng
png:prj_sport_01_list_big_149_backstrokepng
png:prj_sport_01_list_big_14_013_dancepng
png:prj_sport_01_list_big_150_ice_sportspng
png:prj_sport_01_list_big_151_ice_skatingpng
png:prj_sport_01_list_big_152_ice_hockeypng
png:prj_sport_01_list_big_153_curlingpng
png:prj_sport_01_list_big_154_snowmobilepng
png:prj_sport_01_list_big_155_sleddingpng
png:prj_sport_01_list_big_156_winter_biathlonpng
png:prj_sport_01_list_big_157_skiingpng
png:prj_sport_01_list_big_158_cross_country_skipng
png:prj_sport_01_list_big_159_snowboardingpng
png:prj_sport_01_list_big_15_014_free_trainingpng
png:prj_sport_01_list_big_160_snowshoeingpng
png:prj_sport_01_list_big_161_snowfieldpng
png:prj_sport_01_list_big_162_extreme_sportspng
png:prj_sport_01_list_big_163_skateboardpng
png:prj_sport_01_list_big_164_rock_climbingpng
png:prj_sport_01_list_big_165_bungeepng
png:prj_sport_01_list_big_166_parkourpng
png:prj_sport_01_list_big_167_bmxpng
png:prj_sport_01_list_big_168_orienteeringpng
png:prj_sport_01_list_big_169_parachutingpng
png:prj_sport_01_list_big_16_015_general_trainingpng
png:prj_sport_01_list_big_170_car_racingpng
png:prj_sport_01_list_big_171_elevatorpng
png:prj_sport_01_list_big_172_handrailpng
png:prj_sport_01_list_big_173_distantpng
png:prj_sport_01_list_big_174_houseworkpng
png:prj_sport_01_list_big_175_in_carpng
png:prj_sport_01_list_big_176_meditationpng
png:prj_sport_01_list_big_177_stillpng
png:prj_sport_01_list_big_178_equipmentpng
png:prj_sport_01_list_big_179_wheelchairpng
png:prj_sport_01_list_big_17_016_trail_runpng
png:prj_sport_01_list_big_18_017_intense_trainingpng
png:prj_sport_01_list_big_19_019_stepperpng
png:prj_sport_01_list_big_20_020_slow_stepperpng
png:prj_sport_01_list_big_21_021_hiitpng
png:prj_sport_01_list_big_22_022_fitnesspng
png:prj_sport_01_list_big_23_023_group_aerobicspng
png:prj_sport_01_list_big_24_024_yogapng
png:prj_sport_01_list_big_25_025_cat_posepng
png:prj_sport_01_list_big_26_026_cow_posepng
png:prj_sport_01_list_big_27_027_cobra_posepng
png:prj_sport_01_list_big_28_028_hero_pose1png
png:prj_sport_01_list_big_29_029_hero_pose2png
png:prj_sport_01_list_big_30_030_hero_pose3png
png:prj_sport_01_list_big_31_031_ab_wheelpng
png:prj_sport_01_list_big_32_032_jump_ropepng
png:prj_sport_01_list_big_33_033_pilatespng
png:prj_sport_01_list_big_34_034_crossfitpng
png:prj_sport_01_list_big_35_035_functionalpng
png:prj_sport_01_list_big_36_036_fitness_testpng
png:prj_sport_01_list_big_37_037_taekwondopng
png:prj_sport_01_list_big_38_038_boxingpng
png:prj_sport_01_list_big_39_039_free_boxingpng
png:prj_sport_01_list_big_40_040_karatepng
png:prj_sport_01_list_big_41_041_kickboxingpng
png:prj_sport_01_list_big_42_042_core_trainingpng
png:prj_sport_01_list_big_43_043_boxing_aerobicpng
png:prj_sport_01_list_big_44_044_scissorspng
png:prj_sport_01_list_big_45_045_single_barpng
png:prj_sport_01_list_big_46_046_parallel_barspng
png:prj_sport_01_list_big_47_047_circuitpng
png:prj_sport_01_list_big_48_048_aerobicpng
png:prj_sport_01_list_big_49_049_aerobicspng
png:prj_sport_01_list_big_50_050_px90png
png:prj_sport_01_list_big_51_051_free_combatpng
png:prj_sport_01_list_big_52_052_mixed_martialpng
png:prj_sport_01_list_big_53_053_stair_climberpng
png:prj_sport_01_list_big_54_054_weight_liftingpng
png:prj_sport_01_list_big_55_055_barrepng
png:prj_sport_01_list_big_56_056_hand_wheelpng
png:prj_sport_01_list_big_57_057_track_fieldpng
png:prj_sport_01_list_big_58_058_calisthenicspng
png:prj_sport_01_list_big_59_059_mind_bodypng
png:prj_sport_01_list_big_60_060_flexibilitypng
png:prj_sport_01_list_big_61_061_mixed_aerobicpng
png:prj_sport_01_list_big_62_062_traditionalpng
png:prj_sport_01_list_big_63_063_crossoverpng
png:prj_sport_01_list_big_64_064_gymnasticspng
png:prj_sport_01_list_big_65_065_steppng
png:prj_sport_01_list_big_66_066_general_dancepng
png:prj_sport_01_list_big_67_067_belly_dancepng
png:prj_sport_01_list_big_68_068_jazz_dancepng
png:prj_sport_01_list_big_69_069_latin_dancepng
png:prj_sport_01_list_big_70_070_balletpng
png:prj_sport_01_list_big_71_071_street_dancepng
png:prj_sport_01_list_big_72_072_square_dancepng
png:prj_sport_01_list_big_73_073_zumbapng
png:prj_sport_01_list_big_74_074_social_dancepng
png:prj_sport_01_list_big_75_075_tap_dancepng
png:prj_sport_01_list_big_76_076_general_leisurepng
png:prj_sport_01_list_big_77_077_skatingpng
png:prj_sport_01_list_big_78_078_wushupng
png:prj_sport_01_list_big_79_079_tai_chipng
png:prj_sport_01_list_big_80_080_hula_hooppng
png:prj_sport_01_list_big_81_081_frisbeepng
png:prj_sport_01_list_big_82_082_dartspng
png:prj_sport_01_list_big_83_083_archerypng
png:prj_sport_01_list_big_84_084_horsebackpng
png:prj_sport_01_list_big_85_085_team_gamepng
png:prj_sport_01_list_big_86_086_kite_flyingpng
png:prj_sport_01_list_big_87_087_tug_of_warpng
png:prj_sport_01_list_big_88_088_swingpng
png:prj_sport_01_list_big_89_089_stair_climbingpng
png:prj_sport_01_list_big_90_090_obstacle_racepng
png:prj_sport_01_list_big_91_091_fishingpng
png:prj_sport_01_list_big_92_092_huntingpng
png:prj_sport_01_list_big_93_093_scooterpng
png:prj_sport_01_list_big_94_094_baseball_altpng
png:prj_sport_01_list_big_95_095_team_sportspng
png:prj_sport_01_list_big_96_096_fitness_gamingpng
png:prj_sport_01_list_big_97_097_walkingpng
png:prj_sport_01_list_big_98_098_equestrianpng
png:prj_sport_01_list_big_99_099_funpng
png:prj_sport_01_list_big_ab_wheelpng
png:prj_sport_01_list_big_aerobicpng
png:prj_sport_01_list_big_aerobicspng
png:prj_sport_01_list_big_american_billiardspng
png:prj_sport_01_list_big_american_footballpng
png:prj_sport_01_list_big_aquatic_fitnesspng
png:prj_sport_01_list_big_aquatic_sportpng
png:prj_sport_01_list_big_archerypng
png:prj_sport_01_list_big_backstrokepng
png:prj_sport_01_list_big_badmintonpng
png:prj_sport_01_list_big_balletpng
png:prj_sport_01_list_big_ball_gamespng
png:prj_sport_01_list_big_barrepng
png:prj_sport_01_list_big_baseballpng
png:prj_sport_01_list_big_baseball_altpng
png:prj_sport_01_list_big_basketballpng
png:prj_sport_01_list_big_beach_soccerpng
png:prj_sport_01_list_big_beach_volleyballpng
png:prj_sport_01_list_big_belly_dancepng
png:prj_sport_01_list_big_billiardspng
png:prj_sport_01_list_big_bmxpng
png:prj_sport_01_list_big_bodyboardpng
png:prj_sport_01_list_big_bowlingpng
png:prj_sport_01_list_big_boxingpng
png:prj_sport_01_list_big_boxing_aerobicpng
png:prj_sport_01_list_big_bungeepng
png:prj_sport_01_list_big_butterflypng
png:prj_sport_01_list_big_butterfly_strokepng
png:prj_sport_01_list_big_calisthenicspng
png:prj_sport_01_list_big_car_racingpng
png:prj_sport_01_list_big_cat_posepng
png:prj_sport_01_list_big_circuitpng
png:prj_sport_01_list_big_cobra_posepng
png:prj_sport_01_list_big_core_trainingpng
png:prj_sport_01_list_big_cow_posepng
png:prj_sport_01_list_big_croquetpng
png:prj_sport_01_list_big_crossfitpng
png:prj_sport_01_list_big_crossoverpng
png:prj_sport_01_list_big_cross_country_skipng
png:prj_sport_01_list_big_curlingpng
png:prj_sport_01_list_big_dancepng
png:prj_sport_01_list_big_dartspng
png:prj_sport_01_list_big_distantpng
png:prj_sport_01_list_big_divingpng
png:prj_sport_01_list_big_diving_boardpng
png:prj_sport_01_list_big_dodgeballpng
png:prj_sport_01_list_big_dragonflypng
png:prj_sport_01_list_big_dragon_boatpng
png:prj_sport_01_list_big_driftpng
png:prj_sport_01_list_big_elevatorpng
png:prj_sport_01_list_big_ellipticalpng
png:prj_sport_01_list_big_equestrianpng
png:prj_sport_01_list_big_equipmentpng
png:prj_sport_01_list_big_extreme_sportspng
png:prj_sport_01_list_big_field_hockeypng
png:prj_sport_01_list_big_fishingpng
png:prj_sport_01_list_big_fitnesspng
png:prj_sport_01_list_big_fitness_gamingpng
png:prj_sport_01_list_big_fitness_testpng
png:prj_sport_01_list_big_flexibilitypng
png:prj_sport_01_list_big_freestylepng
png:prj_sport_01_list_big_free_boxingpng
png:prj_sport_01_list_big_free_combatpng
png:prj_sport_01_list_big_free_trainingpng
png:prj_sport_01_list_big_frisbeepng
png:prj_sport_01_list_big_funpng
png:prj_sport_01_list_big_functionalpng
png:prj_sport_01_list_big_gateballpng
png:prj_sport_01_list_big_general_dancepng
png:prj_sport_01_list_big_general_leisurepng
png:prj_sport_01_list_big_general_trainingpng
png:prj_sport_01_list_big_golfpng
png:prj_sport_01_list_big_group_aerobicspng
png:prj_sport_01_list_big_gymnasticspng
png:prj_sport_01_list_big_handballpng
png:prj_sport_01_list_big_handrailpng
png:prj_sport_01_list_big_hand_wheelpng
png:prj_sport_01_list_big_hero_pose1png
png:prj_sport_01_list_big_hero_pose2png
png:prj_sport_01_list_big_hero_pose3png
png:prj_sport_01_list_big_hiitpng
png:prj_sport_01_list_big_hikingpng
png:prj_sport_01_list_big_horsebackpng
png:prj_sport_01_list_big_houseworkpng
png:prj_sport_01_list_big_hula_hooppng
png:prj_sport_01_list_big_huntingpng
png:prj_sport_01_list_big_ice_hockeypng
png:prj_sport_01_list_big_ice_skatingpng
png:prj_sport_01_list_big_ice_sportspng
png:prj_sport_01_list_big_indoor_cyclepng
png:prj_sport_01_list_big_indoor_runpng
png:prj_sport_01_list_big_indoor_walkpng
png:prj_sport_01_list_big_intense_trainingpng
png:prj_sport_01_list_big_in_carpng
png:prj_sport_01_list_big_jazz_dancepng
png:prj_sport_01_list_big_jetskipng
png:prj_sport_01_list_big_jump_ropepng
png:prj_sport_01_list_big_karatepng
png:prj_sport_01_list_big_kayakingpng
png:prj_sport_01_list_big_kickboxingpng
png:prj_sport_01_list_big_kite_flyingpng
png:prj_sport_01_list_big_lacrossepng
png:prj_sport_01_list_big_latin_dancepng
png:prj_sport_01_list_big_meditationpng
png:prj_sport_01_list_big_mind_bodypng
png:prj_sport_01_list_big_mixed_aerobicpng
png:prj_sport_01_list_big_mixed_martialpng
png:prj_sport_01_list_big_obstacle_racepng
png:prj_sport_01_list_big_open_waterpng
png:prj_sport_01_list_big_orienteeringpng
png:prj_sport_01_list_big_outdoor_ridepng
png:prj_sport_01_list_big_outdoor_runpng
png:prj_sport_01_list_big_outdoor_walkpng
png:prj_sport_01_list_big_p0100_100_ball_gamespng
png:prj_sport_01_list_big_p0101_101_basketballpng
png:prj_sport_01_list_big_p0102_102_badmintonpng
png:prj_sport_01_list_big_p0103_103_table_tennispng
png:prj_sport_01_list_big_p0104_104_tennispng
png:prj_sport_01_list_big_p0105_105_billiardspng
png:prj_sport_01_list_big_p0106_106_bowlingpng
png:prj_sport_01_list_big_p0107_107_volleyballpng
png:prj_sport_01_list_big_p0108_108_shuttlecockpng
png:prj_sport_01_list_big_p0109_109_handballpng
png:prj_sport_01_list_big_p0110_110_baseballpng
png:prj_sport_01_list_big_p0111_111_softballpng
png:prj_sport_01_list_big_p0112_112_field_hockeypng
png:prj_sport_01_list_big_p0113_113_american_footballpng
png:prj_sport_01_list_big_p0114_114_beach_soccerpng
png:prj_sport_01_list_big_p0115_115_croquetpng
png:prj_sport_01_list_big_p0116_116_snookerpng
png:prj_sport_01_list_big_p0117_117_sepaktakrawpng
png:prj_sport_01_list_big_p0118_118_dodgeballpng
png:prj_sport_01_list_big_p0119_119_soccerpng
png:prj_sport_01_list_big_p0120_120_golfpng
png:prj_sport_01_list_big_p0121_121_polopng
png:prj_sport_01_list_big_p0122_122_american_billiardspng
png:prj_sport_01_list_big_p0123_123_rugbypng
png:prj_sport_01_list_big_p0124_124_gateballpng
png:prj_sport_01_list_big_p0125_125_pickleballpng
png:prj_sport_01_list_big_p0126_126_lacrossepng
png:prj_sport_01_list_big_p0127_127_water_sportspng
png:prj_sport_01_list_big_p0128_128_sailingpng
png:prj_sport_01_list_big_p0129_129_surfingpng
png:prj_sport_01_list_big_p0130_130_kayakingpng
png:prj_sport_01_list_big_p0131_131_dragon_boatpng
png:prj_sport_01_list_big_p0132_132_dragonflypng
png:prj_sport_01_list_big_p0133_133_yacht_racingpng
png:prj_sport_01_list_big_p0134_134_jetskipng
png:prj_sport_01_list_big_p0135_135_beach_volleyballpng
png:prj_sport_01_list_big_p0136_136_river_raftingpng
png:prj_sport_01_list_big_p0137_137_divingpng
png:prj_sport_01_list_big_p0138_138_diving_boardpng
png:prj_sport_01_list_big_p0139_139_bodyboardpng
png:prj_sport_01_list_big_p0140_140_wakeboardingpng
png:prj_sport_01_list_big_p0141_141_water_polopng
png:prj_sport_01_list_big_p0142_142_windsurfingpng
png:prj_sport_01_list_big_p0143_143_driftpng
png:prj_sport_01_list_big_p0144_144_aquatic_fitnesspng
png:prj_sport_01_list_big_p0145_145_aquatic_sportpng
png:prj_sport_01_list_big_p0146_146_freestylepng
png:prj_sport_01_list_big_p0147_147_butterflypng
png:prj_sport_01_list_big_p0148_148_butterfly_strokepng
png:prj_sport_01_list_big_p0149_149_backstrokepng
png:prj_sport_01_list_big_p0150_150_ice_sportspng
png:prj_sport_01_list_big_p0151_151_ice_skatingpng
png:prj_sport_01_list_big_p0152_152_ice_hockeypng
png:prj_sport_01_list_big_p0153_153_curlingpng
png:prj_sport_01_list_big_p0154_154_snowmobilepng
png:prj_sport_01_list_big_p0155_155_sleddingpng
png:prj_sport_01_list_big_p0156_156_winter_biathlonpng
png:prj_sport_01_list_big_p0157_157_skiingpng
png:prj_sport_01_list_big_p0158_158_cross_country_skipng
png:prj_sport_01_list_big_p0159_159_snowboardingpng
png:prj_sport_01_list_big_p0160_160_snowshoeingpng
png:prj_sport_01_list_big_p0161_161_snowfieldpng
png:prj_sport_01_list_big_p0162_162_extreme_sportspng
png:prj_sport_01_list_big_p0163_163_skateboardpng
png:prj_sport_01_list_big_p0164_164_rock_climbingpng
png:prj_sport_01_list_big_p0165_165_bungeepng
png:prj_sport_01_list_big_p0166_166_parkourpng
png:prj_sport_01_list_big_p0167_167_bmxpng
png:prj_sport_01_list_big_p0168_168_orienteeringpng
png:prj_sport_01_list_big_p0169_169_parachutingpng
png:prj_sport_01_list_big_p0170_170_car_racingpng
png:prj_sport_01_list_big_p0171_171_elevatorpng
png:prj_sport_01_list_big_p0172_172_handrailpng
png:prj_sport_01_list_big_p0173_173_distantpng
png:prj_sport_01_list_big_p0174_174_houseworkpng
png:prj_sport_01_list_big_p0175_175_in_carpng
png:prj_sport_01_list_big_p0176_176_meditationpng
png:prj_sport_01_list_big_p0177_177_stillpng
png:prj_sport_01_list_big_p0178_178_equipmentpng
png:prj_sport_01_list_big_p0179_179_wheelchairpng
png:prj_sport_01_list_big_parachutingpng
png:prj_sport_01_list_big_parallel_barspng
png:prj_sport_01_list_big_parkourpng
png:prj_sport_01_list_big_pickleballpng
png:prj_sport_01_list_big_pilatespng
png:prj_sport_01_list_big_polopng
png:prj_sport_01_list_big_pool_swimpng
png:prj_sport_01_list_big_px90png
png:prj_sport_01_list_big_river_raftingpng
png:prj_sport_01_list_big_rock_climbingpng
png:prj_sport_01_list_big_rowing_machinepng
png:prj_sport_01_list_big_rugbypng
png:prj_sport_01_list_big_sailingpng
png:prj_sport_01_list_big_scissorspng
png:prj_sport_01_list_big_scooterpng
png:prj_sport_01_list_big_sepaktakrawpng
png:prj_sport_01_list_big_shuttlecockpng
png:prj_sport_01_list_big_single_barpng
png:prj_sport_01_list_big_skateboardpng
png:prj_sport_01_list_big_skatingpng
png:prj_sport_01_list_big_skiingpng
png:prj_sport_01_list_big_sleddingpng
png:prj_sport_01_list_big_slow_stepperpng
png:prj_sport_01_list_big_snookerpng
png:prj_sport_01_list_big_snowboardingpng
png:prj_sport_01_list_big_snowfieldpng
png:prj_sport_01_list_big_snowmobilepng
png:prj_sport_01_list_big_snowshoeingpng
png:prj_sport_01_list_big_soccerpng
png:prj_sport_01_list_big_social_dancepng
png:prj_sport_01_list_big_softballpng
png:prj_sport_01_list_big_square_dancepng
png:prj_sport_01_list_big_stair_climberpng
png:prj_sport_01_list_big_stair_climbingpng
png:prj_sport_01_list_big_steppng
png:prj_sport_01_list_big_stepperpng
png:prj_sport_01_list_big_stillpng
png:prj_sport_01_list_big_street_dancepng
png:prj_sport_01_list_big_surfingpng
png:prj_sport_01_list_big_swingpng
png:prj_sport_01_list_big_table_tennispng
png:prj_sport_01_list_big_taekwondopng
png:prj_sport_01_list_big_tai_chipng
png:prj_sport_01_list_big_tap_dancepng
png:prj_sport_01_list_big_team_gamepng
png:prj_sport_01_list_big_team_sportspng
png:prj_sport_01_list_big_tennispng
png:prj_sport_01_list_big_track_fieldpng
png:prj_sport_01_list_big_traditionalpng
png:prj_sport_01_list_big_trail_runpng
png:prj_sport_01_list_big_treadmillpng
png:prj_sport_01_list_big_triathlonpng
png:prj_sport_01_list_big_tug_of_warpng
png:prj_sport_01_list_big_volleyballpng
png:prj_sport_01_list_big_wakeboardingpng
png:prj_sport_01_list_big_walkingpng
png:prj_sport_01_list_big_water_polopng
png:prj_sport_01_list_big_water_sportspng
png:prj_sport_01_list_big_weight_liftingpng
png:prj_sport_01_list_big_wheelchairpng
png:prj_sport_01_list_big_windsurfingpng
png:prj_sport_01_list_big_winter_biathlonpng
png:prj_sport_01_list_big_wushupng
png:prj_sport_01_list_big_yacht_racingpng
png:prj_sport_01_list_big_yogapng
png:prj_sport_01_list_big_zumbapng
jpg:prj_sport_01_list_category_01_recommendedjpg
jpg:prj_sport_01_list_category_02_icejpg
jpg:prj_sport_01_list_category_03_fitnessjpg
jpg:prj_sport_01_list_category_04_balljpg
jpg:prj_sport_01_list_category_05_waterjpg
jpg:prj_sport_01_list_category_06_dancejpg
jpg:prj_sport_01_list_category_07_extremejpg
jpg:prj_sport_01_list_category_08_leisurejpg
jpg:prj_sport_01_list_category_09_otherjpg
jpg:prj_sport_01_list_category_balljpg
jpg:prj_sport_01_list_category_dancejpg
jpg:prj_sport_01_list_category_extremejpg
jpg:prj_sport_01_list_category_fitnessjpg
jpg:prj_sport_01_list_category_icejpg
jpg:prj_sport_01_list_category_leisurejpg
jpg:prj_sport_01_list_category_otherjpg
jpg:prj_sport_01_list_category_recommendedjpg
jpg:prj_sport_01_list_category_waterjpg
jpg:prj_sport_01_list_deletejpg
jpg:prj_sport_01_list_editjpg
png:prj_sport_01_list_gif_cycling_00png
png:prj_sport_01_list_gif_cycling_01png
png:prj_sport_01_list_gif_cycling_01_00png
png:prj_sport_01_list_gif_cycling_02png
png:prj_sport_01_list_gif_cycling_02_01png
png:prj_sport_01_list_gif_cycling_03png
png:prj_sport_01_list_gif_cycling_03_02png
png:prj_sport_01_list_gif_cycling_04png
png:prj_sport_01_list_gif_cycling_04_03png
png:prj_sport_01_list_gif_cycling_05png
png:prj_sport_01_list_gif_cycling_05_04png
png:prj_sport_01_list_gif_cycling_06png
png:prj_sport_01_list_gif_cycling_06_05png
png:prj_sport_01_list_gif_cycling_07png
png:prj_sport_01_list_gif_cycling_07_06png
png:prj_sport_01_list_gif_cycling_08png
png:prj_sport_01_list_gif_cycling_08_07png
png:prj_sport_01_list_gif_cycling_09png
png:prj_sport_01_list_gif_cycling_09_08png
png:prj_sport_01_list_gif_cycling_10png
png:prj_sport_01_list_gif_cycling_10_09png
png:prj_sport_01_list_gif_cycling_11png
png:prj_sport_01_list_gif_cycling_11_10png
png:prj_sport_01_list_gif_cycling_12png
png:prj_sport_01_list_gif_cycling_12_11png
png:prj_sport_01_list_gif_cycling_13png
png:prj_sport_01_list_gif_cycling_13_12png
png:prj_sport_01_list_gif_cycling_14png
png:prj_sport_01_list_gif_cycling_14_13png
png:prj_sport_01_list_gif_cycling_15png
png:prj_sport_01_list_gif_cycling_15_14png
png:prj_sport_01_list_gif_cycling_16png
png:prj_sport_01_list_gif_cycling_16_15png
png:prj_sport_01_list_gif_cycling_17png
png:prj_sport_01_list_gif_cycling_18png
png:prj_sport_01_list_gif_cycling_19png
png:prj_sport_01_list_gif_inrunning_00png
png:prj_sport_01_list_gif_inrunning_01png
png:prj_sport_01_list_gif_inrunning_01_00png
png:prj_sport_01_list_gif_inrunning_02png
png:prj_sport_01_list_gif_inrunning_02_01png
png:prj_sport_01_list_gif_inrunning_03png
png:prj_sport_01_list_gif_inrunning_03_02png
png:prj_sport_01_list_gif_inrunning_04png
png:prj_sport_01_list_gif_inrunning_04_03png
png:prj_sport_01_list_gif_inrunning_05png
png:prj_sport_01_list_gif_inrunning_05_04png
png:prj_sport_01_list_gif_inrunning_06png
png:prj_sport_01_list_gif_inrunning_06_05png
png:prj_sport_01_list_gif_inrunning_07png
png:prj_sport_01_list_gif_inrunning_07_06png
png:prj_sport_01_list_gif_inrunning_08png
png:prj_sport_01_list_gif_inrunning_08_07png
png:prj_sport_01_list_gif_inrunning_09png
png:prj_sport_01_list_gif_inrunning_09_08png
png:prj_sport_01_list_gif_inrunning_10png
png:prj_sport_01_list_gif_inrunning_10_09png
png:prj_sport_01_list_gif_inrunning_11png
png:prj_sport_01_list_gif_inrunning_11_10png
png:prj_sport_01_list_gif_inrunning_12png
png:prj_sport_01_list_gif_inrunning_12_11png
png:prj_sport_01_list_gif_inrunning_13png
png:prj_sport_01_list_gif_inrunning_13_12png
png:prj_sport_01_list_gif_inrunning_14png
png:prj_sport_01_list_gif_inrunning_14_13png
png:prj_sport_01_list_gif_inrunning_15png
png:prj_sport_01_list_gif_inrunning_15_14png
png:prj_sport_01_list_gif_inrunning_16png
png:prj_sport_01_list_gif_inrunning_16_15png
png:prj_sport_01_list_gif_inrunning_17png
png:prj_sport_01_list_gif_inrunning_17_16png
png:prj_sport_01_list_gif_inrunning_18png
png:prj_sport_01_list_gif_inrunning_18_17png
png:prj_sport_01_list_gif_inrunning_19png
png:prj_sport_01_list_gif_inwalking_00png
png:prj_sport_01_list_gif_inwalking_01png
png:prj_sport_01_list_gif_inwalking_01_00png
png:prj_sport_01_list_gif_inwalking_02png
png:prj_sport_01_list_gif_inwalking_02_01png
png:prj_sport_01_list_gif_inwalking_03png
png:prj_sport_01_list_gif_inwalking_03_02png
png:prj_sport_01_list_gif_inwalking_04png
png:prj_sport_01_list_gif_inwalking_04_03png
png:prj_sport_01_list_gif_inwalking_05png
png:prj_sport_01_list_gif_inwalking_05_04png
png:prj_sport_01_list_gif_inwalking_06png
png:prj_sport_01_list_gif_inwalking_06_05png
png:prj_sport_01_list_gif_inwalking_07png
png:prj_sport_01_list_gif_inwalking_07_06png
png:prj_sport_01_list_gif_inwalking_08png
png:prj_sport_01_list_gif_inwalking_08_07png
png:prj_sport_01_list_gif_inwalking_09png
png:prj_sport_01_list_gif_inwalking_09_08png
png:prj_sport_01_list_gif_inwalking_10png
png:prj_sport_01_list_gif_inwalking_10_09png
png:prj_sport_01_list_gif_inwalking_11png
png:prj_sport_01_list_gif_inwalking_11_10png
png:prj_sport_01_list_gif_inwalking_12png
png:prj_sport_01_list_gif_inwalking_12_11png
png:prj_sport_01_list_gif_inwalking_13png
png:prj_sport_01_list_gif_inwalking_13_12png
png:prj_sport_01_list_gif_inwalking_14png
png:prj_sport_01_list_gif_inwalking_14_13png
png:prj_sport_01_list_gif_inwalking_15png
png:prj_sport_01_list_gif_inwalking_15_14png
png:prj_sport_01_list_gif_inwalking_16png
png:prj_sport_01_list_gif_inwalking_16_15png
png:prj_sport_01_list_gif_inwalking_17png
png:prj_sport_01_list_gif_inwalking_17_16png
png:prj_sport_01_list_gif_inwalking_18png
png:prj_sport_01_list_gif_inwalking_18_17png
png:prj_sport_01_list_gif_inwalking_19png
png:prj_sport_01_list_gif_inwalking_19_18png
png:prj_sport_01_list_gif_inwalking_20_19png
png:prj_sport_01_list_gif_outrunning_00png
png:prj_sport_01_list_gif_outrunning_01png
png:prj_sport_01_list_gif_outrunning_01_00png
png:prj_sport_01_list_gif_outrunning_02png
png:prj_sport_01_list_gif_outrunning_02_01png
png:prj_sport_01_list_gif_outrunning_03png
png:prj_sport_01_list_gif_outrunning_03_02png
png:prj_sport_01_list_gif_outrunning_04png
png:prj_sport_01_list_gif_outrunning_04_03png
png:prj_sport_01_list_gif_outrunning_05png
png:prj_sport_01_list_gif_outrunning_05_04png
png:prj_sport_01_list_gif_outrunning_06png
png:prj_sport_01_list_gif_outrunning_06_05png
png:prj_sport_01_list_gif_outrunning_07png
png:prj_sport_01_list_gif_outrunning_07_06png
png:prj_sport_01_list_gif_outrunning_08png
png:prj_sport_01_list_gif_outrunning_08_07png
png:prj_sport_01_list_gif_outrunning_09png
png:prj_sport_01_list_gif_outrunning_09_08png
png:prj_sport_01_list_gif_outrunning_10png
png:prj_sport_01_list_gif_outrunning_10_09png
png:prj_sport_01_list_gif_outrunning_11png
png:prj_sport_01_list_gif_outrunning_11_10png
png:prj_sport_01_list_gif_outrunning_12png
png:prj_sport_01_list_gif_outrunning_12_11png
png:prj_sport_01_list_gif_outrunning_13png
png:prj_sport_01_list_gif_outrunning_13_12png
png:prj_sport_01_list_gif_outrunning_14png
png:prj_sport_01_list_gif_outrunning_14_13png
png:prj_sport_01_list_gif_outrunning_15png
png:prj_sport_01_list_gif_outrunning_15_14png
png:prj_sport_01_list_gif_outrunning_16png
png:prj_sport_01_list_gif_outrunning_16_15png
png:prj_sport_01_list_gif_outrunning_17png
png:prj_sport_01_list_gif_outrunning_17_16png
png:prj_sport_01_list_gif_outrunning_18png
png:prj_sport_01_list_gif_outrunning_18_17png
png:prj_sport_01_list_gif_outrunning_19png
png:prj_sport_01_list_gif_outwalking_00png
png:prj_sport_01_list_gif_outwalking_01png
png:prj_sport_01_list_gif_outwalking_01_00png
png:prj_sport_01_list_gif_outwalking_02png
png:prj_sport_01_list_gif_outwalking_02_01png
png:prj_sport_01_list_gif_outwalking_03png
png:prj_sport_01_list_gif_outwalking_03_02png
png:prj_sport_01_list_gif_outwalking_04png
png:prj_sport_01_list_gif_outwalking_04_03png
png:prj_sport_01_list_gif_outwalking_05png
png:prj_sport_01_list_gif_outwalking_05_04png
png:prj_sport_01_list_gif_outwalking_06png
png:prj_sport_01_list_gif_outwalking_06_05png
png:prj_sport_01_list_gif_outwalking_07png
png:prj_sport_01_list_gif_outwalking_07_06png
png:prj_sport_01_list_gif_outwalking_08png
png:prj_sport_01_list_gif_outwalking_08_07png
png:prj_sport_01_list_gif_outwalking_09png
png:prj_sport_01_list_gif_outwalking_09_08png
png:prj_sport_01_list_gif_outwalking_10png
png:prj_sport_01_list_gif_outwalking_10_09png
png:prj_sport_01_list_gif_outwalking_11png
png:prj_sport_01_list_gif_outwalking_11_10png
png:prj_sport_01_list_gif_outwalking_12png
png:prj_sport_01_list_gif_outwalking_12_11png
png:prj_sport_01_list_gif_outwalking_13png
png:prj_sport_01_list_gif_outwalking_13_12png
png:prj_sport_01_list_gif_outwalking_14png
png:prj_sport_01_list_gif_outwalking_14_13png
png:prj_sport_01_list_gif_outwalking_15png
png:prj_sport_01_list_gif_outwalking_15_14png
png:prj_sport_01_list_gif_outwalking_16png
png:prj_sport_01_list_gif_outwalking_16_15png
png:prj_sport_01_list_gif_outwalking_17png
png:prj_sport_01_list_gif_outwalking_17_16png
png:prj_sport_01_list_gif_outwalking_18png
png:prj_sport_01_list_gif_outwalking_18_17png
png:prj_sport_01_list_gif_outwalking_19png
png:prj_sport_01_list_gif_outwalking_19_18png
png:prj_sport_01_list_gif_outwalking_20png
png:prj_sport_01_list_gif_outwalking_20_19png
png:prj_sport_01_list_gif_outwalking_21png
png:prj_sport_01_list_gif_outwalking_22png
png:prj_sport_01_list_gif_outwalking_23png
png:prj_sport_01_list_gif_pool_swim_00png
png:prj_sport_01_list_gif_pool_swim_01png
png:prj_sport_01_list_gif_pool_swim_01_00png
png:prj_sport_01_list_gif_pool_swim_02png
png:prj_sport_01_list_gif_pool_swim_02_01png
png:prj_sport_01_list_gif_pool_swim_03png
png:prj_sport_01_list_gif_pool_swim_03_02png
png:prj_sport_01_list_gif_pool_swim_04png
png:prj_sport_01_list_gif_pool_swim_04_03png
png:prj_sport_01_list_gif_pool_swim_05png
png:prj_sport_01_list_gif_pool_swim_05_04png
png:prj_sport_01_list_gif_pool_swim_06png
png:prj_sport_01_list_gif_pool_swim_06_05png
png:prj_sport_01_list_gif_pool_swim_07png
png:prj_sport_01_list_gif_pool_swim_07_06png
png:prj_sport_01_list_gif_pool_swim_08png
png:prj_sport_01_list_gif_pool_swim_08_07png
png:prj_sport_01_list_gif_pool_swim_09png
png:prj_sport_01_list_gif_pool_swim_09_08png
png:prj_sport_01_list_gif_pool_swim_10png
png:prj_sport_01_list_gif_pool_swim_10_09png
png:prj_sport_01_list_gif_pool_swim_11png
png:prj_sport_01_list_gif_pool_swim_11_10png
png:prj_sport_01_list_gif_pool_swim_12png
png:prj_sport_01_list_gif_pool_swim_12_11png
png:prj_sport_01_list_gif_pool_swim_13png
png:prj_sport_01_list_gif_pool_swim_13_12png
png:prj_sport_01_list_gif_pool_swim_14png
png:prj_sport_01_list_gif_pool_swim_14_13png
png:prj_sport_01_list_gif_pool_swim_15png
png:prj_sport_01_list_gif_pool_swim_15_14png
png:prj_sport_01_list_gif_pool_swim_16png
png:prj_sport_01_list_gif_pool_swim_16_15png
png:prj_sport_01_list_gif_pool_swim_17png
png:prj_sport_01_list_gif_pool_swim_17_16png
png:prj_sport_01_list_gif_pool_swim_18png
png:prj_sport_01_list_gif_pool_swim_18_17png
png:prj_sport_01_list_gif_pool_swim_19png
png:prj_sport_01_list_gif_pool_swim_20png
png:prj_sport_01_list_gif_treadmill_01_00png
png:prj_sport_01_list_gif_treadmill_02_01png
png:prj_sport_01_list_gif_treadmill_03_02png
png:prj_sport_01_list_gif_treadmill_04_03png
png:prj_sport_01_list_gif_treadmill_05_04png
png:prj_sport_01_list_gif_treadmill_06_05png
png:prj_sport_01_list_gif_treadmill_07_06png
png:prj_sport_01_list_gif_treadmill_08_07png
png:prj_sport_01_list_gif_treadmill_09_08png
png:prj_sport_01_list_gif_treadmill_10_09png
png:prj_sport_01_list_gif_treadmill_11_10png
png:prj_sport_01_list_gif_treadmill_12_11png
png:prj_sport_01_list_gif_treadmill_13_12png
png:prj_sport_01_list_gif_treadmill_14_13png
png:prj_sport_01_list_gif_treadmill_15_14png
png:prj_sport_01_list_gif_treadmill_16_15png
png:prj_sport_01_list_small_000_outdoor_runpng
png:prj_sport_01_list_small_001_outdoor_walkpng
png:prj_sport_01_list_small_002_indoor_walkpng
png:prj_sport_01_list_small_003_indoor_runpng
png:prj_sport_01_list_small_005_outdoor_ridepng
png:prj_sport_01_list_small_006_indoor_cyclepng
png:prj_sport_01_list_small_007_pool_swimpng
png:prj_sport_01_list_small_008_open_waterpng
png:prj_sport_01_list_small_009_triathlonpng
png:prj_sport_01_list_small_010_hikingpng
png:prj_sport_01_list_small_011_ellipticalpng
png:prj_sport_01_list_small_012_rowing_machinepng
png:prj_sport_01_list_small_013_dancepng
png:prj_sport_01_list_small_014_free_trainingpng
png:prj_sport_01_list_small_015_general_trainingpng
png:prj_sport_01_list_small_016_trail_runpng
png:prj_sport_01_list_small_017_intense_trainingpng
png:prj_sport_01_list_small_019_stepperpng
png:prj_sport_01_list_small_01_000_outdoor_runpng
png:prj_sport_01_list_small_020_slow_stepperpng
png:prj_sport_01_list_small_021_hiitpng
png:prj_sport_01_list_small_022_fitnesspng
png:prj_sport_01_list_small_023_group_aerobicspng
png:prj_sport_01_list_small_024_yogapng
png:prj_sport_01_list_small_025_cat_posepng
png:prj_sport_01_list_small_026_cow_posepng
png:prj_sport_01_list_small_027_cobra_posepng
png:prj_sport_01_list_small_028_hero_pose1png
png:prj_sport_01_list_small_029_hero_pose2png
png:prj_sport_01_list_small_02_001_outdoor_walkpng
png:prj_sport_01_list_small_030_hero_pose3png
png:prj_sport_01_list_small_031_wheel_runpng
png:prj_sport_01_list_small_032_jump_ropepng
png:prj_sport_01_list_small_033_pilatespng
png:prj_sport_01_list_small_034_crossfitpng
png:prj_sport_01_list_small_035_functionalpng
png:prj_sport_01_list_small_036_fitness_testpng
png:prj_sport_01_list_small_037_taekwondopng
png:prj_sport_01_list_small_038_boxingpng
png:prj_sport_01_list_small_039_free_boxingpng
png:prj_sport_01_list_small_03_002_indoor_walkpng
png:prj_sport_01_list_small_040_karatepng
png:prj_sport_01_list_small_041_kickboxingpng
png:prj_sport_01_list_small_042_core_trainingpng
png:prj_sport_01_list_small_043_boxing_aerobicpng
png:prj_sport_01_list_small_044_scissorspng
png:prj_sport_01_list_small_045_single_barpng
png:prj_sport_01_list_small_046_parallel_barspng
png:prj_sport_01_list_small_047_circuitpng
png:prj_sport_01_list_small_048_aerobicpng
png:prj_sport_01_list_small_049_aerobicspng
png:prj_sport_01_list_small_04_003_indoor_runpng
png:prj_sport_01_list_small_050_px90png
png:prj_sport_01_list_small_051_free_combatpng
png:prj_sport_01_list_small_052_mixed_martialpng
png:prj_sport_01_list_small_053_stair_climberpng
png:prj_sport_01_list_small_054_weight_liftingpng
png:prj_sport_01_list_small_055_barrepng
png:prj_sport_01_list_small_056_hand_wheelpng
png:prj_sport_01_list_small_057_track_fieldpng
png:prj_sport_01_list_small_058_calisthenicspng
png:prj_sport_01_list_small_059_mind_bodypng
png:prj_sport_01_list_small_05_004_treadmillpng
png:prj_sport_01_list_small_060_flexibilitypng
png:prj_sport_01_list_small_061_mixed_aerobicpng
png:prj_sport_01_list_small_062_traditionalpng
png:prj_sport_01_list_small_063_crossoverpng
png:prj_sport_01_list_small_064_gymnasticspng
png:prj_sport_01_list_small_065_steppng
png:prj_sport_01_list_small_066_general_dancepng
png:prj_sport_01_list_small_067_belly_dancepng
png:prj_sport_01_list_small_068_jazz_dancepng
png:prj_sport_01_list_small_069_latin_dancepng
png:prj_sport_01_list_small_06_005_outdoor_ridepng
png:prj_sport_01_list_small_070_balletpng
png:prj_sport_01_list_small_071_street_dancepng
png:prj_sport_01_list_small_072_square_dancepng
png:prj_sport_01_list_small_073_zumbapng
png:prj_sport_01_list_small_074_social_dancepng
png:prj_sport_01_list_small_075_tap_dancepng
png:prj_sport_01_list_small_076_general_leisurepng
png:prj_sport_01_list_small_077_skatingpng
png:prj_sport_01_list_small_078_wushupng
png:prj_sport_01_list_small_079_tai_chipng
png:prj_sport_01_list_small_07_006_indoor_cyclepng
png:prj_sport_01_list_small_080_hula_hooppng
png:prj_sport_01_list_small_081_frisbeepng
png:prj_sport_01_list_small_082_dartspng
png:prj_sport_01_list_small_083_archerypng
png:prj_sport_01_list_small_084_horsebackpng
png:prj_sport_01_list_small_085_team_gamepng
png:prj_sport_01_list_small_086_kite_flyingpng
png:prj_sport_01_list_small_087_tug_of_warpng
png:prj_sport_01_list_small_088_swingpng
png:prj_sport_01_list_small_089_stair_climbingpng
png:prj_sport_01_list_small_08_007_pool_swimpng
png:prj_sport_01_list_small_090_obstacle_racepng
png:prj_sport_01_list_small_091_fishingpng
png:prj_sport_01_list_small_092_huntingpng
png:prj_sport_01_list_small_093_scooterpng
png:prj_sport_01_list_small_094_baseball_altpng
png:prj_sport_01_list_small_095_team_sportspng
png:prj_sport_01_list_small_096_fitness_gamingpng
png:prj_sport_01_list_small_097_walkingpng
png:prj_sport_01_list_small_098_equestrianpng
png:prj_sport_01_list_small_099_funpng
png:prj_sport_01_list_small_09_008_open_waterpng
png:prj_sport_01_list_small_100_ball_gamespng
png:prj_sport_01_list_small_101_basketballpng
png:prj_sport_01_list_small_102_badmintonpng
png:prj_sport_01_list_small_103_table_tennispng
png:prj_sport_01_list_small_104_tennispng
png:prj_sport_01_list_small_105_billiardspng
png:prj_sport_01_list_small_106_bowlingpng
png:prj_sport_01_list_small_107_volleyballpng
png:prj_sport_01_list_small_108_shuttlecockpng
png:prj_sport_01_list_small_109_handballpng
png:prj_sport_01_list_small_10_009_triathlonpng
png:prj_sport_01_list_small_110_baseballpng
png:prj_sport_01_list_small_111_softballpng
png:prj_sport_01_list_small_112_field_hockeypng
png:prj_sport_01_list_small_113_american_footballpng
png:prj_sport_01_list_small_114_beach_soccerpng
png:prj_sport_01_list_small_115_croquetpng
png:prj_sport_01_list_small_116_snookerpng
png:prj_sport_01_list_small_117_sepaktakrawpng
png:prj_sport_01_list_small_118_dodgeballpng
png:prj_sport_01_list_small_119_soccerpng
png:prj_sport_01_list_small_11_010_hikingpng
png:prj_sport_01_list_small_120_golfpng
png:prj_sport_01_list_small_121_polopng
png:prj_sport_01_list_small_122_american_billiardspng
png:prj_sport_01_list_small_123_rugbypng
png:prj_sport_01_list_small_124_gateballpng
png:prj_sport_01_list_small_125_pickleballpng
png:prj_sport_01_list_small_126_lacrossepng
png:prj_sport_01_list_small_127_water_sportspng
png:prj_sport_01_list_small_128_sailingpng
png:prj_sport_01_list_small_129_surfingpng
png:prj_sport_01_list_small_12_011_ellipticalpng
png:prj_sport_01_list_small_130_kayakingpng
png:prj_sport_01_list_small_131_dragon_boatpng
png:prj_sport_01_list_small_132_dragonflypng
png:prj_sport_01_list_small_133_yacht_racingpng
png:prj_sport_01_list_small_134_jetskipng
png:prj_sport_01_list_small_135_beach_volleyballpng
png:prj_sport_01_list_small_136_river_raftingpng
png:prj_sport_01_list_small_137_divingpng
png:prj_sport_01_list_small_138_diving_boardpng
png:prj_sport_01_list_small_139_bodyboardpng
png:prj_sport_01_list_small_13_012_rowing_machinepng
png:prj_sport_01_list_small_140_wakeboardingpng
png:prj_sport_01_list_small_141_water_polopng
png:prj_sport_01_list_small_142_windsurfingpng
png:prj_sport_01_list_small_143_driftpng
png:prj_sport_01_list_small_144_aquatic_fitnesspng
png:prj_sport_01_list_small_145_aquatic_sportpng
png:prj_sport_01_list_small_146_freestylepng
png:prj_sport_01_list_small_147_butterflypng
png:prj_sport_01_list_small_148_butterfly_strokepng
png:prj_sport_01_list_small_149_backstrokepng
png:prj_sport_01_list_small_14_013_dancepng
png:prj_sport_01_list_small_150_ice_sportspng
png:prj_sport_01_list_small_151_ice_skatingpng
png:prj_sport_01_list_small_152_ice_hockeypng
png:prj_sport_01_list_small_153_curlingpng
png:prj_sport_01_list_small_154_snowmobilepng
png:prj_sport_01_list_small_155_sleddingpng
png:prj_sport_01_list_small_156_winter_biathlonpng
png:prj_sport_01_list_small_157_skiingpng
png:prj_sport_01_list_small_158_cross_country_skipng
png:prj_sport_01_list_small_159_snowboardingpng
png:prj_sport_01_list_small_15_014_free_trainingpng
png:prj_sport_01_list_small_160_snowshoeingpng
png:prj_sport_01_list_small_161_snowfieldpng
png:prj_sport_01_list_small_162_extreme_sportspng
png:prj_sport_01_list_small_163_skateboardpng
png:prj_sport_01_list_small_164_rock_climbingpng
png:prj_sport_01_list_small_165_bungeepng
png:prj_sport_01_list_small_166_parkourpng
png:prj_sport_01_list_small_167_bmxpng
png:prj_sport_01_list_small_168_orienteeringpng
png:prj_sport_01_list_small_169_parachutingpng
png:prj_sport_01_list_small_16_015_general_trainingpng
png:prj_sport_01_list_small_170_car_racingpng
png:prj_sport_01_list_small_171_elevatorpng
png:prj_sport_01_list_small_172_handrailpng
png:prj_sport_01_list_small_173_distantpng
png:prj_sport_01_list_small_174_houseworkpng
png:prj_sport_01_list_small_175_in_carpng
png:prj_sport_01_list_small_176_meditationpng
png:prj_sport_01_list_small_177_stillpng
png:prj_sport_01_list_small_178_equipmentpng
png:prj_sport_01_list_small_179_wheelchairpng
png:prj_sport_01_list_small_17_016_trail_runpng
png:prj_sport_01_list_small_18_017_intense_trainingpng
png:prj_sport_01_list_small_19_019_stepperpng
png:prj_sport_01_list_small_20_020_slow_stepperpng
png:prj_sport_01_list_small_21_021_hiitpng
png:prj_sport_01_list_small_22_022_fitnesspng
png:prj_sport_01_list_small_23_023_group_aerobicspng
png:prj_sport_01_list_small_24_024_yogapng
png:prj_sport_01_list_small_25_025_cat_posepng
png:prj_sport_01_list_small_26_026_cow_posepng
png:prj_sport_01_list_small_27_027_cobra_posepng
png:prj_sport_01_list_small_28_028_hero_pose1png
png:prj_sport_01_list_small_29_029_hero_pose2png
png:prj_sport_01_list_small_30_030_hero_pose3png
png:prj_sport_01_list_small_31_031_ab_wheelpng
png:prj_sport_01_list_small_32_032_jump_ropepng
png:prj_sport_01_list_small_33_033_pilatespng
png:prj_sport_01_list_small_34_034_crossfitpng
png:prj_sport_01_list_small_35_035_functionalpng
png:prj_sport_01_list_small_36_036_fitness_testpng
png:prj_sport_01_list_small_37_037_taekwondopng
png:prj_sport_01_list_small_38_038_boxingpng
png:prj_sport_01_list_small_39_039_free_boxingpng
png:prj_sport_01_list_small_40_040_karatepng
png:prj_sport_01_list_small_41_041_kickboxingpng
png:prj_sport_01_list_small_42_042_core_trainingpng
png:prj_sport_01_list_small_43_043_boxing_aerobicpng
png:prj_sport_01_list_small_44_044_scissorspng
png:prj_sport_01_list_small_45_045_single_barpng
png:prj_sport_01_list_small_46_046_parallel_barspng
png:prj_sport_01_list_small_47_047_circuitpng
png:prj_sport_01_list_small_48_048_aerobicpng
png:prj_sport_01_list_small_49_049_aerobicspng
png:prj_sport_01_list_small_50_050_px90png
png:prj_sport_01_list_small_51_051_free_combatpng
png:prj_sport_01_list_small_52_052_mixed_martialpng
png:prj_sport_01_list_small_53_053_stair_climberpng
png:prj_sport_01_list_small_54_054_weight_liftingpng
png:prj_sport_01_list_small_55_055_barrepng
png:prj_sport_01_list_small_56_056_hand_wheelpng
png:prj_sport_01_list_small_57_057_track_fieldpng
png:prj_sport_01_list_small_58_058_calisthenicspng
png:prj_sport_01_list_small_59_059_mind_bodypng
png:prj_sport_01_list_small_60_060_flexibilitypng
png:prj_sport_01_list_small_61_061_mixed_aerobicpng
png:prj_sport_01_list_small_62_062_traditionalpng
png:prj_sport_01_list_small_63_063_crossoverpng
png:prj_sport_01_list_small_64_064_gymnasticspng
png:prj_sport_01_list_small_65_065_steppng
png:prj_sport_01_list_small_66_066_general_dancepng
png:prj_sport_01_list_small_67_067_belly_dancepng
png:prj_sport_01_list_small_68_068_jazz_dancepng
png:prj_sport_01_list_small_69_069_latin_dancepng
png:prj_sport_01_list_small_70_070_balletpng
png:prj_sport_01_list_small_71_071_street_dancepng
png:prj_sport_01_list_small_72_072_square_dancepng
png:prj_sport_01_list_small_73_073_zumbapng
png:prj_sport_01_list_small_74_074_social_dancepng
png:prj_sport_01_list_small_75_075_tap_dancepng
png:prj_sport_01_list_small_76_076_general_leisurepng
png:prj_sport_01_list_small_77_077_skatingpng
png:prj_sport_01_list_small_78_078_wushupng
png:prj_sport_01_list_small_79_079_tai_chipng
png:prj_sport_01_list_small_80_080_hula_hooppng
png:prj_sport_01_list_small_81_081_frisbeepng
png:prj_sport_01_list_small_82_082_dartspng
png:prj_sport_01_list_small_83_083_archerypng
png:prj_sport_01_list_small_84_084_horsebackpng
png:prj_sport_01_list_small_85_085_team_gamepng
png:prj_sport_01_list_small_86_086_kite_flyingpng
png:prj_sport_01_list_small_87_087_tug_of_warpng
png:prj_sport_01_list_small_88_088_swingpng
png:prj_sport_01_list_small_89_089_stair_climbingpng
png:prj_sport_01_list_small_90_090_obstacle_racepng
png:prj_sport_01_list_small_91_091_fishingpng
png:prj_sport_01_list_small_92_092_huntingpng
png:prj_sport_01_list_small_93_093_scooterpng
png:prj_sport_01_list_small_94_094_baseball_altpng
png:prj_sport_01_list_small_95_095_team_sportspng
png:prj_sport_01_list_small_96_096_fitness_gamingpng
png:prj_sport_01_list_small_97_097_walkingpng
png:prj_sport_01_list_small_98_098_equestrianpng
png:prj_sport_01_list_small_99_099_funpng
png:prj_sport_01_list_small_ab_wheelpng
png:prj_sport_01_list_small_aerobicpng
png:prj_sport_01_list_small_aerobicspng
png:prj_sport_01_list_small_american_billiardspng
png:prj_sport_01_list_small_american_footballpng
png:prj_sport_01_list_small_aquatic_fitnesspng
png:prj_sport_01_list_small_aquatic_sportpng
png:prj_sport_01_list_small_archerypng
png:prj_sport_01_list_small_backstrokepng
png:prj_sport_01_list_small_badmintonpng
png:prj_sport_01_list_small_balletpng
png:prj_sport_01_list_small_ball_gamespng
png:prj_sport_01_list_small_barrepng
png:prj_sport_01_list_small_baseballpng
png:prj_sport_01_list_small_baseball_altpng
png:prj_sport_01_list_small_basketballpng
png:prj_sport_01_list_small_beach_soccerpng
png:prj_sport_01_list_small_beach_volleyballpng
png:prj_sport_01_list_small_belly_dancepng
png:prj_sport_01_list_small_billiardspng
png:prj_sport_01_list_small_bmxpng
png:prj_sport_01_list_small_bodyboardpng
png:prj_sport_01_list_small_bowlingpng
png:prj_sport_01_list_small_boxingpng
png:prj_sport_01_list_small_boxing_aerobicpng
png:prj_sport_01_list_small_bungeepng
png:prj_sport_01_list_small_butterflypng
png:prj_sport_01_list_small_butterfly_strokepng
png:prj_sport_01_list_small_calisthenicspng
png:prj_sport_01_list_small_car_racingpng
png:prj_sport_01_list_small_cat_posepng
png:prj_sport_01_list_small_circuitpng
png:prj_sport_01_list_small_cobra_posepng
png:prj_sport_01_list_small_core_trainingpng
png:prj_sport_01_list_small_cow_posepng
png:prj_sport_01_list_small_croquetpng
png:prj_sport_01_list_small_crossfitpng
png:prj_sport_01_list_small_crossoverpng
png:prj_sport_01_list_small_cross_country_skipng
png:prj_sport_01_list_small_curlingpng
png:prj_sport_01_list_small_dancepng
png:prj_sport_01_list_small_dartspng
png:prj_sport_01_list_small_distantpng
png:prj_sport_01_list_small_divingpng
png:prj_sport_01_list_small_diving_boardpng
png:prj_sport_01_list_small_dodgeballpng
png:prj_sport_01_list_small_dragonflypng
png:prj_sport_01_list_small_dragon_boatpng
png:prj_sport_01_list_small_driftpng
png:prj_sport_01_list_small_elevatorpng
png:prj_sport_01_list_small_ellipticalpng
png:prj_sport_01_list_small_equestrianpng
png:prj_sport_01_list_small_equipmentpng
png:prj_sport_01_list_small_extreme_sportspng
png:prj_sport_01_list_small_field_hockeypng
png:prj_sport_01_list_small_fishingpng
png:prj_sport_01_list_small_fitnesspng
png:prj_sport_01_list_small_fitness_gamingpng
png:prj_sport_01_list_small_fitness_testpng
png:prj_sport_01_list_small_flexibilitypng
png:prj_sport_01_list_small_freestylepng
png:prj_sport_01_list_small_free_boxingpng
png:prj_sport_01_list_small_free_combatpng
png:prj_sport_01_list_small_free_trainingpng
png:prj_sport_01_list_small_frisbeepng
png:prj_sport_01_list_small_funpng
png:prj_sport_01_list_small_functionalpng
png:prj_sport_01_list_small_gateballpng
png:prj_sport_01_list_small_general_dancepng
png:prj_sport_01_list_small_general_leisurepng
png:prj_sport_01_list_small_general_trainingpng
png:prj_sport_01_list_small_golfpng
png:prj_sport_01_list_small_group_aerobicspng
png:prj_sport_01_list_small_gymnasticspng
png:prj_sport_01_list_small_handballpng
png:prj_sport_01_list_small_handrailpng
png:prj_sport_01_list_small_hand_wheelpng
png:prj_sport_01_list_small_hero_pose1png
png:prj_sport_01_list_small_hero_pose2png
png:prj_sport_01_list_small_hero_pose3png
png:prj_sport_01_list_small_hiitpng
png:prj_sport_01_list_small_hikingpng
png:prj_sport_01_list_small_horsebackpng
png:prj_sport_01_list_small_houseworkpng
png:prj_sport_01_list_small_hula_hooppng
png:prj_sport_01_list_small_huntingpng
png:prj_sport_01_list_small_ice_hockeypng
png:prj_sport_01_list_small_ice_skatingpng
png:prj_sport_01_list_small_ice_sportspng
png:prj_sport_01_list_small_indoor_cyclepng
png:prj_sport_01_list_small_indoor_runpng
png:prj_sport_01_list_small_indoor_walkpng
png:prj_sport_01_list_small_intense_trainingpng
png:prj_sport_01_list_small_in_carpng
png:prj_sport_01_list_small_jazz_dancepng
png:prj_sport_01_list_small_jetskipng
png:prj_sport_01_list_small_jump_ropepng
png:prj_sport_01_list_small_karatepng
png:prj_sport_01_list_small_kayakingpng
png:prj_sport_01_list_small_kickboxingpng
png:prj_sport_01_list_small_kite_flyingpng
png:prj_sport_01_list_small_lacrossepng
png:prj_sport_01_list_small_latin_dancepng
png:prj_sport_01_list_small_meditationpng
png:prj_sport_01_list_small_mind_bodypng
png:prj_sport_01_list_small_mixed_aerobicpng
png:prj_sport_01_list_small_mixed_martialpng
png:prj_sport_01_list_small_obstacle_racepng
png:prj_sport_01_list_small_open_waterpng
png:prj_sport_01_list_small_orienteeringpng
png:prj_sport_01_list_small_outdoor_ridepng
png:prj_sport_01_list_small_outdoor_runpng
png:prj_sport_01_list_small_outdoor_walkpng
png:prj_sport_01_list_small_p0100_100_ball_gamespng
png:prj_sport_01_list_small_p0101_101_basketballpng
png:prj_sport_01_list_small_p0102_102_badmintonpng
png:prj_sport_01_list_small_p0103_103_table_tennispng
png:prj_sport_01_list_small_p0104_104_tennispng
png:prj_sport_01_list_small_p0105_105_billiardspng
png:prj_sport_01_list_small_p0106_106_bowlingpng
png:prj_sport_01_list_small_p0107_107_volleyballpng
png:prj_sport_01_list_small_p0108_108_shuttlecockpng
png:prj_sport_01_list_small_p0109_109_handballpng
png:prj_sport_01_list_small_p0110_110_baseballpng
png:prj_sport_01_list_small_p0111_111_softballpng
png:prj_sport_01_list_small_p0112_112_field_hockeypng
png:prj_sport_01_list_small_p0113_113_american_footballpng
png:prj_sport_01_list_small_p0114_114_beach_soccerpng
png:prj_sport_01_list_small_p0115_115_croquetpng
png:prj_sport_01_list_small_p0116_116_snookerpng
png:prj_sport_01_list_small_p0117_117_sepaktakrawpng
png:prj_sport_01_list_small_p0118_118_dodgeballpng
png:prj_sport_01_list_small_p0119_119_soccerpng
png:prj_sport_01_list_small_p0120_120_golfpng
png:prj_sport_01_list_small_p0121_121_polopng
png:prj_sport_01_list_small_p0122_122_american_billiardspng
png:prj_sport_01_list_small_p0123_123_rugbypng
png:prj_sport_01_list_small_p0124_124_gateballpng
png:prj_sport_01_list_small_p0125_125_pickleballpng
png:prj_sport_01_list_small_p0126_126_lacrossepng
png:prj_sport_01_list_small_p0127_127_water_sportspng
png:prj_sport_01_list_small_p0128_128_sailingpng
png:prj_sport_01_list_small_p0129_129_surfingpng
png:prj_sport_01_list_small_p0130_130_kayakingpng
png:prj_sport_01_list_small_p0131_131_dragon_boatpng
png:prj_sport_01_list_small_p0132_132_dragonflypng
png:prj_sport_01_list_small_p0133_133_yacht_racingpng
png:prj_sport_01_list_small_p0134_134_jetskipng
png:prj_sport_01_list_small_p0135_135_beach_volleyballpng
png:prj_sport_01_list_small_p0136_136_river_raftingpng
png:prj_sport_01_list_small_p0137_137_divingpng
png:prj_sport_01_list_small_p0138_138_diving_boardpng
png:prj_sport_01_list_small_p0139_139_bodyboardpng
png:prj_sport_01_list_small_p0140_140_wakeboardingpng
png:prj_sport_01_list_small_p0141_141_water_polopng
png:prj_sport_01_list_small_p0142_142_windsurfingpng
png:prj_sport_01_list_small_p0143_143_driftpng
png:prj_sport_01_list_small_p0144_144_aquatic_fitnesspng
png:prj_sport_01_list_small_p0145_145_aquatic_sportpng
png:prj_sport_01_list_small_p0146_146_freestylepng
png:prj_sport_01_list_small_p0147_147_butterflypng
png:prj_sport_01_list_small_p0148_148_butterfly_strokepng
png:prj_sport_01_list_small_p0149_149_backstrokepng
png:prj_sport_01_list_small_p0150_150_ice_sportspng
png:prj_sport_01_list_small_p0151_151_ice_skatingpng
png:prj_sport_01_list_small_p0152_152_ice_hockeypng
png:prj_sport_01_list_small_p0153_153_curlingpng
png:prj_sport_01_list_small_p0154_154_snowmobilepng
png:prj_sport_01_list_small_p0155_155_sleddingpng
png:prj_sport_01_list_small_p0156_156_winter_biathlonpng
png:prj_sport_01_list_small_p0157_157_skiingpng
png:prj_sport_01_list_small_p0158_158_cross_country_skipng
png:prj_sport_01_list_small_p0159_159_snowboardingpng
png:prj_sport_01_list_small_p0160_160_snowshoeingpng
png:prj_sport_01_list_small_p0161_161_snowfieldpng
png:prj_sport_01_list_small_p0162_162_extreme_sportspng
png:prj_sport_01_list_small_p0163_163_skateboardpng
png:prj_sport_01_list_small_p0164_164_rock_climbingpng
png:prj_sport_01_list_small_p0165_165_bungeepng
png:prj_sport_01_list_small_p0166_166_parkourpng
png:prj_sport_01_list_small_p0167_167_bmxpng
png:prj_sport_01_list_small_p0168_168_orienteeringpng
png:prj_sport_01_list_small_p0169_169_parachutingpng
png:prj_sport_01_list_small_p0170_170_car_racingpng
png:prj_sport_01_list_small_p0171_171_elevatorpng
png:prj_sport_01_list_small_p0172_172_handrailpng
png:prj_sport_01_list_small_p0173_173_distantpng
png:prj_sport_01_list_small_p0174_174_houseworkpng
png:prj_sport_01_list_small_p0175_175_in_carpng
png:prj_sport_01_list_small_p0176_176_meditationpng
png:prj_sport_01_list_small_p0177_177_stillpng
png:prj_sport_01_list_small_p0178_178_equipmentpng
png:prj_sport_01_list_small_p0179_179_wheelchairpng
png:prj_sport_01_list_small_parachutingpng
png:prj_sport_01_list_small_parallel_barspng
png:prj_sport_01_list_small_parkourpng
png:prj_sport_01_list_small_pickleballpng
png:prj_sport_01_list_small_pilatespng
png:prj_sport_01_list_small_polopng
png:prj_sport_01_list_small_pool_swimpng
png:prj_sport_01_list_small_px90png
png:prj_sport_01_list_small_river_raftingpng
png:prj_sport_01_list_small_rock_climbingpng
png:prj_sport_01_list_small_rowing_machinepng
png:prj_sport_01_list_small_rugbypng
png:prj_sport_01_list_small_sailingpng
png:prj_sport_01_list_small_scissorspng
png:prj_sport_01_list_small_scooterpng
png:prj_sport_01_list_small_sepaktakrawpng
png:prj_sport_01_list_small_shuttlecockpng
png:prj_sport_01_list_small_single_barpng
png:prj_sport_01_list_small_skateboardpng
png:prj_sport_01_list_small_skatingpng
png:prj_sport_01_list_small_skiingpng
png:prj_sport_01_list_small_sleddingpng
png:prj_sport_01_list_small_slow_stepperpng
png:prj_sport_01_list_small_snookerpng
png:prj_sport_01_list_small_snowboardingpng
png:prj_sport_01_list_small_snowfieldpng
png:prj_sport_01_list_small_snowmobilepng
png:prj_sport_01_list_small_snowshoeingpng
png:prj_sport_01_list_small_soccerpng
png:prj_sport_01_list_small_social_dancepng
png:prj_sport_01_list_small_softballpng
png:prj_sport_01_list_small_square_dancepng
png:prj_sport_01_list_small_stair_climberpng
png:prj_sport_01_list_small_stair_climbingpng
png:prj_sport_01_list_small_steppng
png:prj_sport_01_list_small_stepperpng
png:prj_sport_01_list_small_stillpng
png:prj_sport_01_list_small_street_dancepng
png:prj_sport_01_list_small_surfingpng
png:prj_sport_01_list_small_swingpng
png:prj_sport_01_list_small_table_tennispng
png:prj_sport_01_list_small_taekwondopng
png:prj_sport_01_list_small_tai_chipng
png:prj_sport_01_list_small_tap_dancepng
png:prj_sport_01_list_small_team_gamepng
png:prj_sport_01_list_small_team_sportspng
png:prj_sport_01_list_small_tennispng
png:prj_sport_01_list_small_track_fieldpng
png:prj_sport_01_list_small_traditionalpng
png:prj_sport_01_list_small_trail_runpng
png:prj_sport_01_list_small_treadmillpng
png:prj_sport_01_list_small_triathlonpng
png:prj_sport_01_list_small_tug_of_warpng
png:prj_sport_01_list_small_volleyballpng
png:prj_sport_01_list_small_wakeboardingpng
png:prj_sport_01_list_small_walkingpng
png:prj_sport_01_list_small_water_polopng
png:prj_sport_01_list_small_water_sportspng
png:prj_sport_01_list_small_weight_liftingpng
png:prj_sport_01_list_small_wheelchairpng
png:prj_sport_01_list_small_windsurfingpng
png:prj_sport_01_list_small_winter_biathlonpng
png:prj_sport_01_list_small_wushupng
png:prj_sport_01_list_small_yacht_racingpng
png:prj_sport_01_list_small_yogapng
png:prj_sport_01_list_small_zumbapng
jpg:prj_sport_02_icon_bj_xiaojpg
jpg:prj_sport_02_positioning_gif_hr_00jpg
jpg:prj_sport_02_positioning_gif_hr_01jpg
jpg:prj_sport_02_positioning_gif_hr_02jpg
jpg:prj_sport_02_positioning_gif_hr_03jpg
jpg:prj_sport_02_positioning_gif_hr_04jpg
jpg:prj_sport_02_positioning_gif_hr_05jpg
jpg:prj_sport_02_positioning_gif_hr_06jpg
jpg:prj_sport_02_positioning_gif_hr_07jpg
jpg:prj_sport_02_positioning_gif_hr_08jpg
jpg:prj_sport_02_positioning_go_00jpg
jpg:prj_sport_02_positioning_go_01jpg
jpg:prj_sport_02_positioning_gps_00jpg
jpg:prj_sport_02_positioning_gps_01jpg
jpg:prj_sport_02_positioning_gps_02jpg
jpg:prj_sport_02_positioning_gps_03jpg
jpg:prj_sport_02_positioning_gps_gpsjpg
jpg:prj_sport_02_positioning_swimjpg
png:prj_sport_02_set_goal_00png
png:prj_sport_02_set_goal_01png
jpg:prj_sport_02_set_goal_01_dis_00jpg
jpg:prj_sport_02_set_goal_01_dis_01jpg
png:prj_sport_02_set_goal_02png
jpg:prj_sport_02_set_goal_02_dis_01jpg
jpg:prj_sport_02_set_goal_02_kcal_01jpg
jpg:prj_sport_02_set_goal_03_goal_00jpg
jpg:prj_sport_02_set_goal_03_timejpg
jpg:prj_sport_02_set_goal_04_goal_01jpg
jpg:prj_sport_02_set_goal_04_trip_Number_01jpg
jpg:prj_sport_02_set_goal_05_kcal_00jpg
jpg:prj_sport_02_set_goal_06_kcal_01jpg
jpg:prj_sport_02_set_goal_07_Number_02jpg
jpg:prj_sport_02_set_goal_08_trip_00jpg
jpg:prj_sport_02_set_goal_09_trip_Number_01jpg
jpg:prj_sport_02_set_goal_dis_00jpg
jpg:prj_sport_02_set_goal_dis_01jpg
jpg:prj_sport_02_set_goal_dis_02jpg
jpg:prj_sport_02_set_goal_goal_00jpg
jpg:prj_sport_02_set_goal_goal_01jpg
jpg:prj_sport_02_set_goal_kcal_00jpg
jpg:prj_sport_02_set_goal_kcal_01jpg
jpg:prj_sport_02_set_goal_Number_02jpg
png:prj_sport_02_set_goal_p0002_dis_01png
png:prj_sport_02_set_goal_p0002_kcal_01png
png:prj_sport_02_set_goal_p0003_goal_00png
png:prj_sport_02_set_goal_p0004_goal_01png
png:prj_sport_02_set_goal_p0004_trip_Number_01png
png:prj_sport_02_set_goal_p0005_kcal_00png
png:prj_sport_02_set_goal_p0006_kcal_01png
png:prj_sport_02_set_goal_p0008_trip_00png
png:prj_sport_02_set_goal_p0009_trip_Number_01png
jpg:prj_sport_02_set_goal_timejpg
png:prj_sport_02_set_goal_timepng
jpg:prj_sport_02_set_goal_trip_00jpg
jpg:prj_sport_02_set_goal_trip_Number_01jpg
jpg:prj_sport_03_cd_01_1jpg
jpg:prj_sport_03_cd_02_2jpg
jpg:prj_sport_03_cd_03_3jpg
jpg:prj_sport_03_cd_1jpg
jpg:prj_sport_03_cd_2jpg
jpg:prj_sport_03_cd_3jpg
jpg:prj_sport_03_editjpg
jpg:prj_sport_04_in_motion_00jpg
png:prj_sport_04_in_motion_01_arrowpng
jpg:prj_sport_04_in_motion_02_bgjpg
png:prj_sport_04_in_motion_03_btnpng
jpg:prj_sport_04_in_motion_04_cardjpg
jpg:prj_sport_04_in_motion_04_in_motion_00jpg
jpg:prj_sport_04_in_motion_04_in_motion_01_cardjpg
jpg:prj_sport_04_in_motion_04_in_motion_02_clock_00jpg
jpg:prj_sport_04_in_motion_04_in_motion_03_linejpg
jpg:prj_sport_04_in_motion_04_in_motion_cardjpg
png:prj_sport_04_in_motion_04_in_motion_dot_01_greypng
png:prj_sport_04_in_motion_04_in_motion_dot_02_whitepng
png:prj_sport_04_in_motion_04_in_motion_dot_greypng
png:prj_sport_04_in_motion_04_in_motion_dot_whitepng
png:prj_sport_04_in_motion_04_in_motion_gps_00png
png:prj_sport_04_in_motion_04_in_motion_gps_01png
png:prj_sport_04_in_motion_04_in_motion_gps_01_00png
png:prj_sport_04_in_motion_04_in_motion_gps_02png
png:prj_sport_04_in_motion_04_in_motion_gps_02_01png
png:prj_sport_04_in_motion_04_in_motion_gps_03_02png
jpg:prj_sport_04_in_motion_04_in_motion_hr_gif_00jpg
jpg:prj_sport_04_in_motion_04_in_motion_hr_gif_01jpg
jpg:prj_sport_04_in_motion_04_in_motion_hr_gif_01_00jpg
jpg:prj_sport_04_in_motion_04_in_motion_hr_gif_02jpg
jpg:prj_sport_04_in_motion_04_in_motion_hr_gif_02_01jpg
jpg:prj_sport_04_in_motion_04_in_motion_hr_gif_03jpg
jpg:prj_sport_04_in_motion_04_in_motion_hr_gif_03_02jpg
jpg:prj_sport_04_in_motion_04_in_motion_hr_gif_04jpg
jpg:prj_sport_04_in_motion_04_in_motion_hr_gif_04_03jpg
jpg:prj_sport_04_in_motion_04_in_motion_hr_gif_05jpg
jpg:prj_sport_04_in_motion_04_in_motion_hr_gif_05_04jpg
jpg:prj_sport_04_in_motion_04_in_motion_hr_gif_06jpg
jpg:prj_sport_04_in_motion_04_in_motion_hr_gif_06_05jpg
jpg:prj_sport_04_in_motion_04_in_motion_hr_gif_07jpg
jpg:prj_sport_04_in_motion_04_in_motion_hr_gif_07_06jpg
jpg:prj_sport_04_in_motion_04_in_motion_hr_gif_08jpg
jpg:prj_sport_04_in_motion_04_in_motion_hr_gif_08_07jpg
jpg:prj_sport_04_in_motion_04_in_motion_hr_gif_09_08jpg
jpg:prj_sport_04_in_motion_04_in_motion_linejpg
png:prj_sport_04_in_motion_04_in_motion_traj_01_arrowpng
png:prj_sport_04_in_motion_04_in_motion_traj_01_dot2png
jpg:prj_sport_04_in_motion_04_in_motion_traj_02_BGjpg
png:prj_sport_04_in_motion_04_in_motion_traj_03_bnt_redpng
png:prj_sport_04_in_motion_04_in_motion_traj_04_bnt_uppng
png:prj_sport_04_in_motion_04_in_motion_traj_05_btn_downpng
png:prj_sport_04_in_motion_04_in_motion_traj_06_btn_pingpng
png:prj_sport_04_in_motion_04_in_motion_traj_07_dotpng
png:prj_sport_04_in_motion_04_in_motion_traj_08_less_1png
png:prj_sport_04_in_motion_04_in_motion_traj_09_less_2png
png:prj_sport_04_in_motion_04_in_motion_traj_1png
png:prj_sport_04_in_motion_04_in_motion_traj_10_plus_1png
png:prj_sport_04_in_motion_04_in_motion_traj_10_sport_04_in_motion_traj_p0010_plus_1png
png:prj_sport_04_in_motion_04_in_motion_traj_10_sport_04_in_motion_traj_p0011_plus_2png
png:prj_sport_04_in_motion_04_in_motion_traj_11_plus_2png
jpg:prj_sport_04_in_motion_04_in_motion_traj_12_proportionjpg
png:prj_sport_04_in_motion_04_in_motion_traj_2png
png:prj_sport_04_in_motion_04_in_motion_traj_arrowpng
jpg:prj_sport_04_in_motion_04_in_motion_traj_BGjpg
png:prj_sport_04_in_motion_04_in_motion_traj_dotpng
png:prj_sport_04_in_motion_04_in_motion_traj_dot2png
png:prj_sport_04_in_motion_04_in_motion_traj_downpng
png:prj_sport_04_in_motion_04_in_motion_traj_pingpng
jpg:prj_sport_04_in_motion_04_in_motion_traj_proportionjpg
png:prj_sport_04_in_motion_04_in_motion_traj_redpng
png:prj_sport_04_in_motion_04_in_motion_traj_uppng
jpg:prj_sport_04_in_motion_04_in_motion_zone_00jpg
jpg:prj_sport_04_in_motion_04_in_motion_zone_01jpg
jpg:prj_sport_04_in_motion_04_in_motion_zone_01_00jpg
jpg:prj_sport_04_in_motion_04_in_motion_zone_02jpg
jpg:prj_sport_04_in_motion_04_in_motion_zone_02_01jpg
jpg:prj_sport_04_in_motion_04_in_motion_zone_03jpg
jpg:prj_sport_04_in_motion_04_in_motion_zone_03_02jpg
jpg:prj_sport_04_in_motion_04_in_motion_zone_04jpg
jpg:prj_sport_04_in_motion_04_in_motion_zone_04_03jpg
jpg:prj_sport_04_in_motion_04_in_motion_zone_05jpg
jpg:prj_sport_04_in_motion_04_in_motion_zone_05_04jpg
jpg:prj_sport_04_in_motion_04_in_motion_zone_06_05jpg
jpg:prj_sport_04_in_motion_05_clock_00jpg
jpg:prj_sport_04_in_motion_06_distjpg
png:prj_sport_04_in_motion_07_lesspng
jpg:prj_sport_04_in_motion_08_linejpg
png:prj_sport_04_in_motion_09_pluspng
jpg:prj_sport_04_in_motion_10_proportionjpg
png:prj_sport_04_in_motion_arrowpng
jpg:prj_sport_04_in_motion_bgjpg
png:prj_sport_04_in_motion_btnpng
jpg:prj_sport_04_in_motion_cardjpg
jpg:prj_sport_04_in_motion_clock_00jpg
jpg:prj_sport_04_in_motion_distjpg
png:prj_sport_04_in_motion_dot_greypng
png:prj_sport_04_in_motion_dot_whitepng
png:prj_sport_04_in_motion_gps_00png
png:prj_sport_04_in_motion_gps_01png
png:prj_sport_04_in_motion_gps_02png
jpg:prj_sport_04_in_motion_hr_gif_00jpg
jpg:prj_sport_04_in_motion_hr_gif_01jpg
jpg:prj_sport_04_in_motion_hr_gif_02jpg
jpg:prj_sport_04_in_motion_hr_gif_03jpg
jpg:prj_sport_04_in_motion_hr_gif_04jpg
jpg:prj_sport_04_in_motion_hr_gif_05jpg
jpg:prj_sport_04_in_motion_hr_gif_06jpg
jpg:prj_sport_04_in_motion_hr_gif_07jpg
jpg:prj_sport_04_in_motion_hr_gif_08jpg
png:prj_sport_04_in_motion_lesspng
jpg:prj_sport_04_in_motion_linejpg
png:prj_sport_04_in_motion_pluspng
jpg:prj_sport_04_in_motion_proportionjpg
png:prj_sport_04_in_motion_traj_arrowpng
jpg:prj_sport_04_in_motion_traj_BGjpg
png:prj_sport_04_in_motion_traj_bnt_redpng
png:prj_sport_04_in_motion_traj_bnt_uppng
png:prj_sport_04_in_motion_traj_btn_downpng
png:prj_sport_04_in_motion_traj_btn_pingpng
png:prj_sport_04_in_motion_traj_dotpng
png:prj_sport_04_in_motion_traj_dot2png
png:prj_sport_04_in_motion_traj_less_1png
png:prj_sport_04_in_motion_traj_less_2png
png:prj_sport_04_in_motion_traj_plus_1png
png:prj_sport_04_in_motion_traj_plus_2png
jpg:prj_sport_04_in_motion_traj_proportionjpg
jpg:prj_sport_04_in_motion_unlock_01_bgjpg
lz4:prj_sport_04_in_motion_unlock_02_dotbmp
lz4:prj_sport_04_in_motion_unlock_03_ringbmp
jpg:prj_sport_04_in_motion_unlock_bgjpg
lz4:prj_sport_04_in_motion_unlock_dotbmp
lz4:prj_sport_04_in_motion_unlock_ringbmp
jpg:prj_sport_04_in_motion_zone_00jpg
jpg:prj_sport_04_in_motion_zone_01jpg
jpg:prj_sport_04_in_motion_zone_02jpg
jpg:prj_sport_04_in_motion_zone_03jpg
jpg:prj_sport_04_in_motion_zone_04jpg
jpg:prj_sport_04_in_motion_zone_05jpg
lz4:prj_sport_05_paused_01_dotbmp
jpg:prj_sport_05_paused_02_endjpg
jpg:prj_sport_05_paused_03_pausejpg
jpg:prj_sport_05_paused_04_playjpg
lz4:prj_sport_05_paused_05_ringbmp
lz4:prj_sport_05_paused_dotbmp
jpg:prj_sport_05_paused_endjpg
jpg:prj_sport_05_paused_pausejpg
jpg:prj_sport_05_paused_playjpg
lz4:prj_sport_05_paused_ringbmp
jpg:prj_sport_06_end_01_bgjpg
jpg:prj_sport_06_end_01_bg_2jpg
jpg:prj_sport_06_end_01_bg_3jpg
png:prj_sport_06_end_02_endpng
jpg:prj_sport_06_end_03_highjpg
jpg:prj_sport_06_end_04_lowjpg
png:prj_sport_06_end_05_startpng
png:prj_sport_06_end_07_endpng
jpg:prj_sport_06_end_10_sport_06_guiji_p0001_bgjpg
jpg:prj_sport_06_end_2jpg
lz4:prj_sport_06_end_bar_chang_00bmp
lz4:prj_sport_06_end_bar_chang_01bmp
lz4:prj_sport_06_end_bar_chang_01_barbmp
lz4:prj_sport_06_end_bar_chang_02_bar_00bmp
lz4:prj_sport_06_end_bar_chang_03_bar_01bmp
jpg:prj_sport_06_end_bar_chang_04_bgjpg
lz4:prj_sport_06_end_bar_chang_barbmp
lz4:prj_sport_06_end_bar_chang_bar_00bmp
lz4:prj_sport_06_end_bar_chang_bar_01bmp
jpg:prj_sport_06_end_bar_chang_bgjpg
jpg:prj_sport_06_end_bgjpg
jpg:prj_sport_06_end_bg_2jpg
png:prj_sport_06_end_endpng
jpg:prj_sport_06_end_highjpg
jpg:prj_sport_06_end_icon_01_altitudejpg
jpg:prj_sport_06_end_icon_02_altitude2jpg
jpg:prj_sport_06_end_icon_03_altitude3jpg
jpg:prj_sport_06_end_icon_04_caoriesjpg
jpg:prj_sport_06_end_icon_05_distjpg
jpg:prj_sport_06_end_icon_06_floorjpg
jpg:prj_sport_06_end_icon_07_floor2jpg
jpg:prj_sport_06_end_icon_08_heart_ratejpg
jpg:prj_sport_06_end_icon_09_numjpg
jpg:prj_sport_06_end_icon_10_num2jpg
jpg:prj_sport_06_end_icon_11_pacejpg
jpg:prj_sport_06_end_icon_12_paddlejpg
jpg:prj_sport_06_end_icon_13_paddle2jpg
jpg:prj_sport_06_end_icon_14_paddle3jpg
jpg:prj_sport_06_end_icon_15_stepsjpg
jpg:prj_sport_06_end_icon_16_steps2jpg
jpg:prj_sport_06_end_icon_17_steps3jpg
jpg:prj_sport_06_end_icon_18_swimjpg
jpg:prj_sport_06_end_icon_19_swolfjpg
jpg:prj_sport_06_end_icon_20_timejpg
jpg:prj_sport_06_end_icon_21_timesjpg
jpg:prj_sport_06_end_icon_22_tripjpg
jpg:prj_sport_06_end_icon_altitudejpg
jpg:prj_sport_06_end_icon_altitude2jpg
jpg:prj_sport_06_end_icon_altitude3jpg
jpg:prj_sport_06_end_icon_caoriesjpg
jpg:prj_sport_06_end_icon_distjpg
jpg:prj_sport_06_end_icon_floorjpg
jpg:prj_sport_06_end_icon_floor2jpg
jpg:prj_sport_06_end_icon_heart_ratejpg
jpg:prj_sport_06_end_icon_numjpg
jpg:prj_sport_06_end_icon_num2jpg
jpg:prj_sport_06_end_icon_pacejpg
jpg:prj_sport_06_end_icon_paddlejpg
jpg:prj_sport_06_end_icon_paddle2jpg
jpg:prj_sport_06_end_icon_paddle3jpg
jpg:prj_sport_06_end_icon_ratejpg
jpg:prj_sport_06_end_icon_stepsjpg
jpg:prj_sport_06_end_icon_steps2jpg
jpg:prj_sport_06_end_icon_steps3jpg
jpg:prj_sport_06_end_icon_swimjpg
jpg:prj_sport_06_end_icon_swolfjpg
jpg:prj_sport_06_end_icon_timejpg
jpg:prj_sport_06_end_icon_timesjpg
jpg:prj_sport_06_end_icon_tripjpg
jpg:prj_sport_06_end_lowjpg
png:prj_sport_06_end_p0007_endpng
png:prj_sport_06_end_startpng
jpg:prj_sport_07_positioning_00jpg
jpg:prj_sport_07_positioning_01jpg
jpg:prj_sport_07_positioning_01_icon_go_00jpg
jpg:prj_sport_07_positioning_02_icon_go_01jpg
jpg:prj_sport_07_positioning_03_icon_swimjpg
jpg:prj_sport_07_positioning_gif_hr_00jpg
jpg:prj_sport_07_positioning_gif_hr_01jpg
jpg:prj_sport_07_positioning_gif_hr_01_00jpg
jpg:prj_sport_07_positioning_gif_hr_02jpg
jpg:prj_sport_07_positioning_gif_hr_02_01jpg
jpg:prj_sport_07_positioning_gif_hr_03jpg
jpg:prj_sport_07_positioning_gif_hr_03_02jpg
jpg:prj_sport_07_positioning_gif_hr_04jpg
jpg:prj_sport_07_positioning_gif_hr_04_03jpg
jpg:prj_sport_07_positioning_gif_hr_05jpg
jpg:prj_sport_07_positioning_gif_hr_05_04jpg
jpg:prj_sport_07_positioning_gif_hr_06jpg
jpg:prj_sport_07_positioning_gif_hr_06_05jpg
jpg:prj_sport_07_positioning_gif_hr_07jpg
jpg:prj_sport_07_positioning_gif_hr_07_06jpg
jpg:prj_sport_07_positioning_gif_hr_08jpg
jpg:prj_sport_07_positioning_gif_hr_08_07jpg
jpg:prj_sport_07_positioning_gif_hr_09_08jpg
jpg:prj_sport_07_positioning_gps_00jpg
jpg:prj_sport_07_positioning_gps_01jpg
jpg:prj_sport_07_positioning_gps_01_00jpg
jpg:prj_sport_07_positioning_gps_02jpg
jpg:prj_sport_07_positioning_gps_02_01jpg
jpg:prj_sport_07_positioning_gps_03jpg
jpg:prj_sport_07_positioning_gps_03_02jpg
jpg:prj_sport_07_positioning_gps_04_03jpg
jpg:prj_sport_07_positioning_gps_05_icon_gpsjpg
jpg:prj_sport_07_positioning_gps_gpsjpg
jpg:prj_sport_07_positioning_swimjpg
png:prj_sport_addpng
jpg:prj_sport_dajpg
png:prj_sport_editpng
jpg:prj_sport_xiaojpg
jpg:prj_sport_record_01_no_recordjpg
jpg:prj_sport_record_no_recordjpg
jpg:prj_sport_record_recordjpg
jpg:prj_stress_1_22_num_blue_00jpg
jpg:prj_stress_1_22_num_blue_01jpg
jpg:prj_stress_1_22_num_blue_02jpg
jpg:prj_stress_1_22_num_blue_03jpg
jpg:prj_stress_1_22_num_blue_04jpg
jpg:prj_stress_1_22_num_blue_05jpg
jpg:prj_stress_1_22_num_blue_06jpg
jpg:prj_stress_1_22_num_blue_07jpg
jpg:prj_stress_1_22_num_blue_08jpg
jpg:prj_stress_1_22_num_blue_09jpg
jpg:prj_stress_1_22_num_blue_10jpg
jpg:prj_stress_1_22_num_blue_11jpg
jpg:prj_stress_1_22_num_blue_12jpg
jpg:prj_stress_1_22_num_blue_13jpg
jpg:prj_stress_1_44_num_blue_00jpg
jpg:prj_stress_1_44_num_blue_01jpg
jpg:prj_stress_1_44_num_blue_02jpg
jpg:prj_stress_1_44_num_blue_03jpg
jpg:prj_stress_1_44_num_blue_04jpg
jpg:prj_stress_1_44_num_blue_05jpg
jpg:prj_stress_1_44_num_blue_06jpg
jpg:prj_stress_1_44_num_blue_07jpg
jpg:prj_stress_1_44_num_blue_08jpg
jpg:prj_stress_1_44_num_blue_09jpg
jpg:prj_stress_1_44_num_blue_10jpg
jpg:prj_stress_1_44_num_blue_11jpg
jpg:prj_stress_1_44_num_blue_12jpg
jpg:prj_stress_1_44_num_blue_13jpg
lz4:prj_stress_1_barbmp
lz4:prj_stress_1_dotbmp
jpg:prj_stress_1_gif_00jpg
jpg:prj_stress_1_gif_01jpg
jpg:prj_stress_1_gif_02jpg
jpg:prj_stress_1_gif_03jpg
jpg:prj_stress_1_gif_04jpg
jpg:prj_stress_1_gif_05jpg
jpg:prj_stress_1_gif_06jpg
jpg:prj_stress_1_gif_07jpg
jpg:prj_stress_1_gif_08jpg
jpg:prj_stress_1_gif_09jpg
jpg:prj_stress_1_gif_10jpg
jpg:prj_stress_1_gif_11jpg
jpg:prj_stress_1_stressjpg
jpg:prj_stress_2_01_stressjpg
jpg:prj_stress_2_22_num_blue_01_00jpg
jpg:prj_stress_2_22_num_blue_02_01jpg
jpg:prj_stress_2_22_num_blue_03_02jpg
jpg:prj_stress_2_22_num_blue_04_03jpg
jpg:prj_stress_2_22_num_blue_05_04jpg
jpg:prj_stress_2_22_num_blue_06_05jpg
jpg:prj_stress_2_22_num_blue_07_06jpg
jpg:prj_stress_2_22_num_blue_08_07jpg
jpg:prj_stress_2_22_num_blue_09_08jpg
jpg:prj_stress_2_22_num_blue_10_09jpg
jpg:prj_stress_2_22_num_blue_11_10jpg
jpg:prj_stress_2_22_num_blue_12_11jpg
jpg:prj_stress_2_22_num_blue_13_12jpg
jpg:prj_stress_2_22_num_blue_14_13jpg
jpg:prj_stress_2_44_num_blue_01_00jpg
jpg:prj_stress_2_44_num_blue_02_01jpg
jpg:prj_stress_2_44_num_blue_03_02jpg
jpg:prj_stress_2_44_num_blue_04_03jpg
jpg:prj_stress_2_44_num_blue_05_04jpg
jpg:prj_stress_2_44_num_blue_06_05jpg
jpg:prj_stress_2_44_num_blue_07_06jpg
jpg:prj_stress_2_44_num_blue_08_07jpg
jpg:prj_stress_2_44_num_blue_09_08jpg
jpg:prj_stress_2_44_num_blue_10_09jpg
jpg:prj_stress_2_44_num_blue_11_10jpg
jpg:prj_stress_2_44_num_blue_12_11jpg
jpg:prj_stress_2_44_num_blue_13_12jpg
jpg:prj_stress_2_44_num_blue_14_13jpg
jpg:prj_stress_2_gif_01_00jpg
jpg:prj_stress_2_gif_02_01jpg
jpg:prj_stress_2_gif_03_02jpg
jpg:prj_stress_2_gif_04_03jpg
jpg:prj_stress_2_gif_05_04jpg
jpg:prj_stress_2_gif_06_05jpg
jpg:prj_stress_2_gif_07_06jpg
jpg:prj_stress_2_gif_08_07jpg
jpg:prj_stress_2_gif_09_08jpg
jpg:prj_stress_2_gif_10_09jpg
jpg:prj_stress_2_gif_11_10jpg
jpg:prj_stress_2_gif_12_11jpg
jpg:prj_sw_01_bgjpg
png:prj_sw_02_linepng
jpg:prj_sw_bgjpg
jpg:prj_sw_btn_01_jici_1jpg
jpg:prj_sw_btn_02_jici_2jpg
jpg:prj_sw_btn_03_pausedjpg
jpg:prj_sw_btn_04_play_1jpg
jpg:prj_sw_btn_05_play_2jpg
jpg:prj_sw_btn_06_retryjpg
jpg:prj_sw_btn_1jpg
jpg:prj_sw_btn_2jpg
jpg:prj_sw_btn_jici_1jpg
jpg:prj_sw_btn_jici_2jpg
jpg:prj_sw_btn_p0004_play_1jpg
jpg:prj_sw_btn_p0005_play_2jpg
jpg:prj_sw_btn_pausedjpg
jpg:prj_sw_btn_play_1jpg
jpg:prj_sw_btn_play_2jpg
jpg:prj_sw_btn_retryjpg
png:prj_sw_linepng
jpg:prj_sw_num_green_00jpg
jpg:prj_sw_num_green_01jpg
jpg:prj_sw_num_green_01_00jpg
jpg:prj_sw_num_green_02jpg
jpg:prj_sw_num_green_02_01jpg
jpg:prj_sw_num_green_03jpg
jpg:prj_sw_num_green_03_02jpg
jpg:prj_sw_num_green_04jpg
jpg:prj_sw_num_green_04_03jpg
jpg:prj_sw_num_green_05jpg
jpg:prj_sw_num_green_05_04jpg
jpg:prj_sw_num_green_06jpg
jpg:prj_sw_num_green_06_05jpg
jpg:prj_sw_num_green_07jpg
jpg:prj_sw_num_green_07_06jpg
jpg:prj_sw_num_green_08jpg
jpg:prj_sw_num_green_08_07jpg
jpg:prj_sw_num_green_09jpg
jpg:prj_sw_num_green_09_08jpg
jpg:prj_sw_num_green_10jpg
jpg:prj_sw_num_green_10_09jpg
jpg:prj_sw_num_green_11jpg
jpg:prj_sw_num_green_11_10jpg
jpg:prj_sw_num_green_12jpg
jpg:prj_sw_num_green_12_11jpg
jpg:prj_sw_num_green_13jpg
jpg:prj_sw_num_green_13_12jpg
jpg:prj_sw_num_green_14_13jpg
png:prj_sys_01_sospng
png:prj_sys_02_turn_offpng
png:prj_sys_03_restartpng
png:prj_sys_offpng
png:prj_sys_restartpng
png:prj_sys_sospng
png:prj_sys_turn_offpng
jpg:prj_take_photo_01_take_photojpg
jpg:prj_take_photo_02_take_photojpg
jpg:prj_take_photo_03_take_photojpg
jpg:prj_take_photo_04_take_photojpg
jpg:prj_take_photo_05_take_photojpg
jpg:prj_take_photo_06_take_photojpg
jpg:prj_take_photo_07_take_photojpg
jpg:prj_take_photo_08_take_photojpg
jpg:prj_take_photo_09_take_photojpg
jpg:prj_take_photo_10_take_photojpg
jpg:prj_take_photo_gif_01jpg
jpg:prj_take_photo_gif_02jpg
jpg:prj_take_photo_gif_03jpg
jpg:prj_take_photo_gif_04jpg
jpg:prj_take_photo_gif_05jpg
jpg:prj_take_photo_gif_06jpg
jpg:prj_take_photo_gif_07jpg
jpg:prj_take_photo_gif_08jpg
jpg:prj_take_photo_gif_09jpg
jpg:prj_take_photo_gif_10jpg
jpg:prj_take_photo_iconjpg
jpg:prj_take_photo_p0003_take_photojpg
jpg:prj_take_photo_p0004_take_photojpg
jpg:prj_take_photo_p0005_take_photojpg
jpg:prj_take_photo_p0006_take_photojpg
jpg:prj_take_photo_p0007_take_photojpg
jpg:prj_take_photo_p0008_take_photojpg
jpg:prj_take_photo_p0009_take_photojpg
jpg:prj_take_photo_p0010_take_photojpg
jpg:prj_take_photo_p0012_take_photojpg
jpg:prj_take_photo_photojpg
jpg:prj_take_photo_take_photojpg
png:prj_theme_01_onpng
jpg:prj_theme_02_ringjpg
png:prj_theme_03_underpng
jpg:prj_theme_arrowjpg
png:prj_theme_icon_00_heart_00png
png:prj_theme_icon_00_heart_01png
png:prj_theme_icon_00_heart_01_00png
png:prj_theme_icon_00_heart_02png
png:prj_theme_icon_00_heart_02_01png
png:prj_theme_icon_00_heart_03png
png:prj_theme_icon_00_heart_03_02png
png:prj_theme_icon_00_heart_04png
png:prj_theme_icon_00_heart_04_03png
png:prj_theme_icon_00_heart_05png
png:prj_theme_icon_00_heart_05_04png
png:prj_theme_icon_00_heart_06png
png:prj_theme_icon_00_heart_06_05png
png:prj_theme_icon_00_heart_07png
png:prj_theme_icon_00_heart_07_06png
png:prj_theme_icon_00_heart_08png
png:prj_theme_icon_00_heart_08_07png
jpg:prj_theme_icon_00_heart_09jpg
png:prj_theme_icon_00_heart_09png
png:prj_theme_icon_00_heart_09_08png
jpg:prj_theme_icon_00_heart_10_09jpg
lz4:prj_theme_icon_00_heart_index_01_00png
lz4:prj_theme_icon_00_heart_index_02_01png
lz4:prj_theme_icon_00_heart_index_03_02png
lz4:prj_theme_icon_00_heart_index_04_03png
lz4:prj_theme_icon_00_heart_index_05_04png
lz4:prj_theme_icon_00_heart_index_06_05png
lz4:prj_theme_icon_00_heart_index_07_06png
lz4:prj_theme_icon_00_heart_index_08_07png
lz4:prj_theme_icon_00_heart_index_09_08png
lz4:prj_theme_icon_00_heart_index_10_09jpg
png:prj_theme_icon_01_spo2_00png
png:prj_theme_icon_01_spo2_01png
png:prj_theme_icon_01_spo2_01_00png
png:prj_theme_icon_01_spo2_02png
png:prj_theme_icon_01_spo2_02_01png
png:prj_theme_icon_01_spo2_03png
png:prj_theme_icon_01_spo2_03_02png
png:prj_theme_icon_01_spo2_04png
png:prj_theme_icon_01_spo2_04_03png
png:prj_theme_icon_01_spo2_05png
png:prj_theme_icon_01_spo2_05_04png
png:prj_theme_icon_01_spo2_06png
png:prj_theme_icon_01_spo2_06_05png
png:prj_theme_icon_01_spo2_07png
png:prj_theme_icon_01_spo2_07_06png
png:prj_theme_icon_01_spo2_08png
png:prj_theme_icon_01_spo2_08_07png
jpg:prj_theme_icon_01_spo2_09jpg
png:prj_theme_icon_01_spo2_09png
png:prj_theme_icon_01_spo2_09_08png
jpg:prj_theme_icon_01_spo2_10_09jpg
lz4:prj_theme_icon_01_spo2_index_01_00png
lz4:prj_theme_icon_01_spo2_index_02_01png
lz4:prj_theme_icon_01_spo2_index_03_02png
lz4:prj_theme_icon_01_spo2_index_04_03png
lz4:prj_theme_icon_01_spo2_index_05_04png
lz4:prj_theme_icon_01_spo2_index_06_05png
lz4:prj_theme_icon_01_spo2_index_07_06png
lz4:prj_theme_icon_01_spo2_index_08_07png
lz4:prj_theme_icon_01_spo2_index_09_08png
lz4:prj_theme_icon_01_spo2_index_10_09jpg
png:prj_theme_icon_02_msg_00png
png:prj_theme_icon_02_msg_01png
png:prj_theme_icon_02_msg_01_00png
png:prj_theme_icon_02_msg_02png
png:prj_theme_icon_02_msg_02_01png
png:prj_theme_icon_02_msg_03png
png:prj_theme_icon_02_msg_03_02png
png:prj_theme_icon_02_msg_04png
png:prj_theme_icon_02_msg_04_03png
png:prj_theme_icon_02_msg_05png
png:prj_theme_icon_02_msg_05_04png
png:prj_theme_icon_02_msg_06png
png:prj_theme_icon_02_msg_06_05png
png:prj_theme_icon_02_msg_07png
png:prj_theme_icon_02_msg_07_06png
png:prj_theme_icon_02_msg_08png
png:prj_theme_icon_02_msg_08_07png
jpg:prj_theme_icon_02_msg_09jpg
png:prj_theme_icon_02_msg_09png
png:prj_theme_icon_02_msg_09_08png
jpg:prj_theme_icon_02_msg_10_09jpg
png:prj_theme_icon_04_call_00png
png:prj_theme_icon_04_call_01png
png:prj_theme_icon_04_call_01_00png
png:prj_theme_icon_04_call_02png
png:prj_theme_icon_04_call_02_01png
png:prj_theme_icon_04_call_03png
png:prj_theme_icon_04_call_03_02png
png:prj_theme_icon_04_call_04png
png:prj_theme_icon_04_call_04_03png
png:prj_theme_icon_04_call_05png
png:prj_theme_icon_04_call_05_04png
png:prj_theme_icon_04_call_06png
png:prj_theme_icon_04_call_06_05png
png:prj_theme_icon_04_call_07png
png:prj_theme_icon_04_call_07_06png
png:prj_theme_icon_04_call_08png
png:prj_theme_icon_04_call_08_07png
jpg:prj_theme_icon_04_call_09jpg
png:prj_theme_icon_04_call_09png
png:prj_theme_icon_04_call_09_08png
jpg:prj_theme_icon_04_call_10_09jpg
png:prj_theme_icon_05_sport_record_00png
png:prj_theme_icon_05_sport_record_01png
png:prj_theme_icon_05_sport_record_01_00png
png:prj_theme_icon_05_sport_record_02png
png:prj_theme_icon_05_sport_record_02_01png
png:prj_theme_icon_05_sport_record_03png
png:prj_theme_icon_05_sport_record_03_02png
png:prj_theme_icon_05_sport_record_04png
png:prj_theme_icon_05_sport_record_04_03png
png:prj_theme_icon_05_sport_record_05png
png:prj_theme_icon_05_sport_record_05_04png
png:prj_theme_icon_05_sport_record_06png
png:prj_theme_icon_05_sport_record_06_05png
png:prj_theme_icon_05_sport_record_07png
png:prj_theme_icon_05_sport_record_07_06png
png:prj_theme_icon_05_sport_record_08png
png:prj_theme_icon_05_sport_record_08_07png
jpg:prj_theme_icon_05_sport_record_09jpg
png:prj_theme_icon_05_sport_record_09png
png:prj_theme_icon_05_sport_record_09_08png
jpg:prj_theme_icon_05_sport_record_10_09jpg
png:prj_theme_icon_06_act_00png
png:prj_theme_icon_06_act_01png
png:prj_theme_icon_06_act_01_00png
png:prj_theme_icon_06_act_02png
png:prj_theme_icon_06_act_02_01png
png:prj_theme_icon_06_act_03png
png:prj_theme_icon_06_act_03_02png
png:prj_theme_icon_06_act_04png
png:prj_theme_icon_06_act_04_03png
png:prj_theme_icon_06_act_05png
png:prj_theme_icon_06_act_05_04png
png:prj_theme_icon_06_act_06png
png:prj_theme_icon_06_act_06_05png
png:prj_theme_icon_06_act_07png
png:prj_theme_icon_06_act_07_06png
png:prj_theme_icon_06_act_08png
png:prj_theme_icon_06_act_08_07png
jpg:prj_theme_icon_06_act_09jpg
png:prj_theme_icon_06_act_09png
png:prj_theme_icon_06_act_09_08png
jpg:prj_theme_icon_06_act_10_09jpg
png:prj_theme_icon_07_dial_00png
png:prj_theme_icon_07_dial_01png
png:prj_theme_icon_07_dial_01_00png
png:prj_theme_icon_07_dial_02png
png:prj_theme_icon_07_dial_02_01png
png:prj_theme_icon_07_dial_03png
png:prj_theme_icon_07_dial_03_02png
png:prj_theme_icon_07_dial_04png
png:prj_theme_icon_07_dial_04_03png
png:prj_theme_icon_07_dial_05png
png:prj_theme_icon_07_dial_05_04png
png:prj_theme_icon_07_dial_06png
png:prj_theme_icon_07_dial_06_05png
png:prj_theme_icon_07_dial_07png
png:prj_theme_icon_07_dial_07_06png
png:prj_theme_icon_07_dial_08png
png:prj_theme_icon_07_dial_08_07png
jpg:prj_theme_icon_07_dial_09jpg
png:prj_theme_icon_07_dial_09png
png:prj_theme_icon_07_dial_09_08png
jpg:prj_theme_icon_07_dial_10_09jpg
lz4:prj_theme_icon_07_dial_index_01_00png
lz4:prj_theme_icon_07_dial_index_02_01png
lz4:prj_theme_icon_07_dial_index_03_02png
lz4:prj_theme_icon_07_dial_index_04_03png
lz4:prj_theme_icon_07_dial_index_05_04png
lz4:prj_theme_icon_07_dial_index_06_05png
lz4:prj_theme_icon_07_dial_index_07_06png
lz4:prj_theme_icon_07_dial_index_08_07png
lz4:prj_theme_icon_07_dial_index_09_08png
lz4:prj_theme_icon_07_dial_index_10_09jpg
png:prj_theme_icon_09_find_phone_00png
png:prj_theme_icon_09_find_phone_01png
png:prj_theme_icon_09_find_phone_01_00png
png:prj_theme_icon_09_find_phone_02png
png:prj_theme_icon_09_find_phone_02_01png
png:prj_theme_icon_09_find_phone_03png
png:prj_theme_icon_09_find_phone_03_02png
png:prj_theme_icon_09_find_phone_04png
png:prj_theme_icon_09_find_phone_04_03png
png:prj_theme_icon_09_find_phone_05png
png:prj_theme_icon_09_find_phone_05_04png
png:prj_theme_icon_09_find_phone_06png
png:prj_theme_icon_09_find_phone_06_05png
png:prj_theme_icon_09_find_phone_07png
png:prj_theme_icon_09_find_phone_07_06png
png:prj_theme_icon_09_find_phone_08png
png:prj_theme_icon_09_find_phone_08_07png
jpg:prj_theme_icon_09_find_phone_09jpg
png:prj_theme_icon_09_find_phone_09png
png:prj_theme_icon_09_find_phone_09_08png
jpg:prj_theme_icon_09_find_phone_10_09jpg
png:prj_theme_icon_10_word_clock_00png
png:prj_theme_icon_10_word_clock_01png
png:prj_theme_icon_10_word_clock_01_00png
png:prj_theme_icon_10_word_clock_02png
png:prj_theme_icon_10_word_clock_02_01png
png:prj_theme_icon_10_word_clock_03png
png:prj_theme_icon_10_word_clock_03_02png
png:prj_theme_icon_10_word_clock_04png
png:prj_theme_icon_10_word_clock_04_03png
png:prj_theme_icon_10_word_clock_05png
png:prj_theme_icon_10_word_clock_05_04png
png:prj_theme_icon_10_word_clock_06png
png:prj_theme_icon_10_word_clock_06_05png
png:prj_theme_icon_10_word_clock_07png
png:prj_theme_icon_10_word_clock_07_06png
png:prj_theme_icon_10_word_clock_08png
png:prj_theme_icon_10_word_clock_08_07png
jpg:prj_theme_icon_10_word_clock_09jpg
png:prj_theme_icon_10_word_clock_09png
png:prj_theme_icon_10_word_clock_09_08png
jpg:prj_theme_icon_10_word_clock_10_09jpg
png:prj_theme_icon_11_weather_00png
png:prj_theme_icon_11_weather_01png
png:prj_theme_icon_11_weather_01_00png
png:prj_theme_icon_11_weather_02png
png:prj_theme_icon_11_weather_02_01png
png:prj_theme_icon_11_weather_03png
png:prj_theme_icon_11_weather_03_02png
png:prj_theme_icon_11_weather_04png
png:prj_theme_icon_11_weather_04_03png
png:prj_theme_icon_11_weather_05png
png:prj_theme_icon_11_weather_05_04png
png:prj_theme_icon_11_weather_06png
png:prj_theme_icon_11_weather_06_05png
png:prj_theme_icon_11_weather_07png
png:prj_theme_icon_11_weather_07_06png
png:prj_theme_icon_11_weather_08png
png:prj_theme_icon_11_weather_08_07png
jpg:prj_theme_icon_11_weather_09jpg
png:prj_theme_icon_11_weather_09png
png:prj_theme_icon_11_weather_09_08png
jpg:prj_theme_icon_11_weather_10_09jpg
png:prj_theme_icon_12_music_00png
png:prj_theme_icon_12_music_01png
png:prj_theme_icon_12_music_01_00png
png:prj_theme_icon_12_music_02png
png:prj_theme_icon_12_music_02_01png
png:prj_theme_icon_12_music_03png
png:prj_theme_icon_12_music_03_02png
png:prj_theme_icon_12_music_04png
png:prj_theme_icon_12_music_04_03png
png:prj_theme_icon_12_music_05png
png:prj_theme_icon_12_music_05_04png
png:prj_theme_icon_12_music_06png
png:prj_theme_icon_12_music_06_05png
png:prj_theme_icon_12_music_07png
png:prj_theme_icon_12_music_07_06png
png:prj_theme_icon_12_music_08png
png:prj_theme_icon_12_music_08_07png
jpg:prj_theme_icon_12_music_09jpg
png:prj_theme_icon_12_music_09png
png:prj_theme_icon_12_music_09_08png
jpg:prj_theme_icon_12_music_10_09jpg
png:prj_theme_icon_13_altitude_00png
png:prj_theme_icon_13_altitude_01png
png:prj_theme_icon_13_altitude_01_00png
png:prj_theme_icon_13_altitude_02png
png:prj_theme_icon_13_altitude_02_01png
png:prj_theme_icon_13_altitude_03png
png:prj_theme_icon_13_altitude_03_02png
png:prj_theme_icon_13_altitude_04png
png:prj_theme_icon_13_altitude_04_03png
png:prj_theme_icon_13_altitude_05png
png:prj_theme_icon_13_altitude_05_04png
png:prj_theme_icon_13_altitude_06png
png:prj_theme_icon_13_altitude_06_05png
png:prj_theme_icon_13_altitude_07png
png:prj_theme_icon_13_altitude_07_06png
png:prj_theme_icon_13_altitude_08png
png:prj_theme_icon_13_altitude_08_07png
png:prj_theme_icon_13_altitude_09png
png:prj_theme_icon_13_altitude_09_08png
jpg:prj_theme_icon_13_altitude_10_09jpg
png:prj_theme_icon_14_set_00png
png:prj_theme_icon_14_set_01png
png:prj_theme_icon_14_set_01_00png
png:prj_theme_icon_14_set_02png
png:prj_theme_icon_14_set_02_01png
png:prj_theme_icon_14_set_03png
png:prj_theme_icon_14_set_03_02png
png:prj_theme_icon_14_set_04png
png:prj_theme_icon_14_set_04_03png
png:prj_theme_icon_14_set_05png
png:prj_theme_icon_14_set_05_04png
png:prj_theme_icon_14_set_06png
png:prj_theme_icon_14_set_06_05png
png:prj_theme_icon_14_set_07png
png:prj_theme_icon_14_set_07_06png
png:prj_theme_icon_14_set_08png
png:prj_theme_icon_14_set_08_07png
jpg:prj_theme_icon_14_set_09jpg
png:prj_theme_icon_14_set_09png
png:prj_theme_icon_14_set_09_08png
jpg:prj_theme_icon_14_set_10_09jpg
png:prj_theme_icon_15_take_photo_00png
png:prj_theme_icon_15_take_photo_01png
png:prj_theme_icon_15_take_photo_01_00png
png:prj_theme_icon_15_take_photo_02png
png:prj_theme_icon_15_take_photo_02_01png
png:prj_theme_icon_15_take_photo_03png
png:prj_theme_icon_15_take_photo_03_02png
png:prj_theme_icon_15_take_photo_04png
png:prj_theme_icon_15_take_photo_04_03png
png:prj_theme_icon_15_take_photo_05png
png:prj_theme_icon_15_take_photo_05_04png
png:prj_theme_icon_15_take_photo_06png
png:prj_theme_icon_15_take_photo_06_05png
png:prj_theme_icon_15_take_photo_07png
png:prj_theme_icon_15_take_photo_07_06png
png:prj_theme_icon_15_take_photo_08png
png:prj_theme_icon_15_take_photo_08_07png
jpg:prj_theme_icon_15_take_photo_09jpg
png:prj_theme_icon_15_take_photo_09png
png:prj_theme_icon_15_take_photo_09_08png
jpg:prj_theme_icon_15_take_photo_10_09jpg
png:prj_theme_icon_16_sw_00png
png:prj_theme_icon_16_sw_01png
png:prj_theme_icon_16_sw_01_00png
png:prj_theme_icon_16_sw_02png
png:prj_theme_icon_16_sw_02_01png
png:prj_theme_icon_16_sw_03png
png:prj_theme_icon_16_sw_03_02png
png:prj_theme_icon_16_sw_04png
png:prj_theme_icon_16_sw_04_03png
png:prj_theme_icon_16_sw_05png
png:prj_theme_icon_16_sw_05_04png
png:prj_theme_icon_16_sw_06png
png:prj_theme_icon_16_sw_06_05png
png:prj_theme_icon_16_sw_07png
png:prj_theme_icon_16_sw_07_06png
png:prj_theme_icon_16_sw_08png
png:prj_theme_icon_16_sw_08_07png
jpg:prj_theme_icon_16_sw_09jpg
png:prj_theme_icon_16_sw_09png
png:prj_theme_icon_16_sw_09_08png
jpg:prj_theme_icon_16_sw_10_09jpg
png:prj_theme_icon_17_alarms_00png
png:prj_theme_icon_17_alarms_01png
png:prj_theme_icon_17_alarms_01_00png
png:prj_theme_icon_17_alarms_02png
png:prj_theme_icon_17_alarms_02_01png
png:prj_theme_icon_17_alarms_03png
png:prj_theme_icon_17_alarms_03_02png
png:prj_theme_icon_17_alarms_04png
png:prj_theme_icon_17_alarms_04_03png
png:prj_theme_icon_17_alarms_05png
png:prj_theme_icon_17_alarms_05_04png
png:prj_theme_icon_17_alarms_06png
png:prj_theme_icon_17_alarms_06_05png
png:prj_theme_icon_17_alarms_07png
png:prj_theme_icon_17_alarms_07_06png
png:prj_theme_icon_17_alarms_08png
png:prj_theme_icon_17_alarms_08_07png
jpg:prj_theme_icon_17_alarms_09jpg
png:prj_theme_icon_17_alarms_09png
png:prj_theme_icon_17_alarms_09_08png
jpg:prj_theme_icon_17_alarms_10_09jpg
png:prj_theme_icon_18_tmr_00png
png:prj_theme_icon_18_tmr_01png
png:prj_theme_icon_18_tmr_01_00png
png:prj_theme_icon_18_tmr_02png
png:prj_theme_icon_18_tmr_02_01png
png:prj_theme_icon_18_tmr_03png
png:prj_theme_icon_18_tmr_03_02png
png:prj_theme_icon_18_tmr_04png
png:prj_theme_icon_18_tmr_04_03png
png:prj_theme_icon_18_tmr_05png
png:prj_theme_icon_18_tmr_05_04png
png:prj_theme_icon_18_tmr_06png
png:prj_theme_icon_18_tmr_06_05png
png:prj_theme_icon_18_tmr_07png
png:prj_theme_icon_18_tmr_07_06png
png:prj_theme_icon_18_tmr_08png
png:prj_theme_icon_18_tmr_08_07png
jpg:prj_theme_icon_18_tmr_09jpg
png:prj_theme_icon_18_tmr_09png
png:prj_theme_icon_18_tmr_09_08png
jpg:prj_theme_icon_18_tmr_10_09jpg
png:prj_theme_icon_20_voice_00png
png:prj_theme_icon_20_voice_01png
png:prj_theme_icon_20_voice_01_00png
png:prj_theme_icon_20_voice_02png
png:prj_theme_icon_20_voice_02_01png
png:prj_theme_icon_20_voice_03png
png:prj_theme_icon_20_voice_03_02png
png:prj_theme_icon_20_voice_04png
png:prj_theme_icon_20_voice_04_03png
png:prj_theme_icon_20_voice_05png
png:prj_theme_icon_20_voice_05_04png
png:prj_theme_icon_20_voice_06png
png:prj_theme_icon_20_voice_06_05png
png:prj_theme_icon_20_voice_07png
png:prj_theme_icon_20_voice_07_06png
png:prj_theme_icon_20_voice_08png
png:prj_theme_icon_20_voice_08_07png
jpg:prj_theme_icon_20_voice_09jpg
png:prj_theme_icon_20_voice_09png
png:prj_theme_icon_20_voice_09_08png
jpg:prj_theme_icon_20_voice_10_09jpg
png:prj_theme_icon_21_flashlight_00png
png:prj_theme_icon_21_flashlight_01png
png:prj_theme_icon_21_flashlight_01_00png
png:prj_theme_icon_21_flashlight_02png
png:prj_theme_icon_21_flashlight_02_01png
png:prj_theme_icon_21_flashlight_03png
png:prj_theme_icon_21_flashlight_03_02png
png:prj_theme_icon_21_flashlight_04png
png:prj_theme_icon_21_flashlight_04_03png
png:prj_theme_icon_21_flashlight_05png
png:prj_theme_icon_21_flashlight_05_04png
png:prj_theme_icon_21_flashlight_06png
png:prj_theme_icon_21_flashlight_06_05png
png:prj_theme_icon_21_flashlight_07png
png:prj_theme_icon_21_flashlight_07_06png
png:prj_theme_icon_21_flashlight_08png
png:prj_theme_icon_21_flashlight_08_07png
jpg:prj_theme_icon_21_flashlight_09jpg
png:prj_theme_icon_21_flashlight_09png
png:prj_theme_icon_21_flashlight_09_08png
jpg:prj_theme_icon_21_flashlight_10_09jpg
png:prj_theme_icon_22_calc_00png
png:prj_theme_icon_22_calc_01png
png:prj_theme_icon_22_calc_01_00png
png:prj_theme_icon_22_calc_02png
png:prj_theme_icon_22_calc_02_01png
png:prj_theme_icon_22_calc_03png
png:prj_theme_icon_22_calc_03_02png
png:prj_theme_icon_22_calc_04png
png:prj_theme_icon_22_calc_04_03png
png:prj_theme_icon_22_calc_05png
png:prj_theme_icon_22_calc_05_04png
png:prj_theme_icon_22_calc_06png
png:prj_theme_icon_22_calc_06_05png
png:prj_theme_icon_22_calc_07png
png:prj_theme_icon_22_calc_07_06png
png:prj_theme_icon_22_calc_08png
png:prj_theme_icon_22_calc_08_07png
jpg:prj_theme_icon_22_calc_09jpg
png:prj_theme_icon_22_calc_09png
png:prj_theme_icon_22_calc_09_08png
jpg:prj_theme_icon_22_calc_10_09jpg
png:prj_theme_icon_23_cmps_00png
png:prj_theme_icon_23_cmps_01png
png:prj_theme_icon_23_cmps_01_00png
png:prj_theme_icon_23_cmps_02png
png:prj_theme_icon_23_cmps_02_01png
png:prj_theme_icon_23_cmps_03png
png:prj_theme_icon_23_cmps_03_02png
png:prj_theme_icon_23_cmps_04png
png:prj_theme_icon_23_cmps_04_03png
png:prj_theme_icon_23_cmps_05png
png:prj_theme_icon_23_cmps_05_04png
png:prj_theme_icon_23_cmps_06png
png:prj_theme_icon_23_cmps_06_05png
png:prj_theme_icon_23_cmps_07png
png:prj_theme_icon_23_cmps_07_06png
png:prj_theme_icon_23_cmps_08png
png:prj_theme_icon_23_cmps_08_07png
png:prj_theme_icon_23_cmps_09png
png:prj_theme_icon_23_cmps_09_08png
jpg:prj_theme_icon_23_cmps_10_09jpg
png:prj_theme_icon_24_stress_00png
png:prj_theme_icon_24_stress_01png
png:prj_theme_icon_24_stress_01_00png
png:prj_theme_icon_24_stress_02png
png:prj_theme_icon_24_stress_02_01png
png:prj_theme_icon_24_stress_03png
png:prj_theme_icon_24_stress_03_02png
png:prj_theme_icon_24_stress_04png
png:prj_theme_icon_24_stress_04_03png
png:prj_theme_icon_24_stress_05png
png:prj_theme_icon_24_stress_05_04png
png:prj_theme_icon_24_stress_06png
png:prj_theme_icon_24_stress_06_05png
png:prj_theme_icon_24_stress_07png
png:prj_theme_icon_24_stress_07_06png
png:prj_theme_icon_24_stress_08png
png:prj_theme_icon_24_stress_08_07png
jpg:prj_theme_icon_24_stress_09jpg
png:prj_theme_icon_24_stress_09png
png:prj_theme_icon_24_stress_09_08png
jpg:prj_theme_icon_24_stress_10_09jpg
png:prj_theme_icon_25_breathe_00png
png:prj_theme_icon_25_breathe_01png
png:prj_theme_icon_25_breathe_01_00png
png:prj_theme_icon_25_breathe_02png
png:prj_theme_icon_25_breathe_02_01png
png:prj_theme_icon_25_breathe_03png
png:prj_theme_icon_25_breathe_03_02png
png:prj_theme_icon_25_breathe_04png
png:prj_theme_icon_25_breathe_04_03png
png:prj_theme_icon_25_breathe_05png
png:prj_theme_icon_25_breathe_05_04png
png:prj_theme_icon_25_breathe_06png
png:prj_theme_icon_25_breathe_06_05png
png:prj_theme_icon_25_breathe_07png
png:prj_theme_icon_25_breathe_07_06png
png:prj_theme_icon_25_breathe_08png
png:prj_theme_icon_25_breathe_08_07png
jpg:prj_theme_icon_25_breathe_09jpg
png:prj_theme_icon_25_breathe_09png
png:prj_theme_icon_25_breathe_09_08png
jpg:prj_theme_icon_25_breathe_10_09jpg
png:prj_theme_icon_26_sport_00png
png:prj_theme_icon_26_sport_01png
png:prj_theme_icon_26_sport_01_00png
png:prj_theme_icon_26_sport_02png
png:prj_theme_icon_26_sport_02_01png
png:prj_theme_icon_26_sport_03png
png:prj_theme_icon_26_sport_03_02png
png:prj_theme_icon_26_sport_04png
png:prj_theme_icon_26_sport_04_03png
png:prj_theme_icon_26_sport_05png
png:prj_theme_icon_26_sport_05_04png
png:prj_theme_icon_26_sport_06png
png:prj_theme_icon_26_sport_06_05png
png:prj_theme_icon_26_sport_07png
png:prj_theme_icon_26_sport_07_06png
png:prj_theme_icon_26_sport_08png
png:prj_theme_icon_26_sport_08_07png
jpg:prj_theme_icon_26_sport_09jpg
png:prj_theme_icon_26_sport_09png
png:prj_theme_icon_26_sport_09_08png
jpg:prj_theme_icon_26_sport_10_09jpg
png:prj_theme_icon_27_sleep_00png
png:prj_theme_icon_27_sleep_01png
png:prj_theme_icon_27_sleep_01_00png
png:prj_theme_icon_27_sleep_02png
png:prj_theme_icon_27_sleep_02_01png
png:prj_theme_icon_27_sleep_03png
png:prj_theme_icon_27_sleep_03_02png
png:prj_theme_icon_27_sleep_04png
png:prj_theme_icon_27_sleep_04_03png
png:prj_theme_icon_27_sleep_05png
png:prj_theme_icon_27_sleep_05_04png
png:prj_theme_icon_27_sleep_06png
png:prj_theme_icon_27_sleep_06_05png
png:prj_theme_icon_27_sleep_07png
png:prj_theme_icon_27_sleep_07_06png
png:prj_theme_icon_27_sleep_08png
png:prj_theme_icon_27_sleep_08_07png
jpg:prj_theme_icon_27_sleep_09jpg
png:prj_theme_icon_27_sleep_09png
png:prj_theme_icon_27_sleep_09_08png
jpg:prj_theme_icon_27_sleep_10_09jpg
png:prj_theme_icon_28_period_00png
png:prj_theme_icon_28_period_01png
png:prj_theme_icon_28_period_01_00png
png:prj_theme_icon_28_period_02png
png:prj_theme_icon_28_period_02_01png
png:prj_theme_icon_28_period_03png
png:prj_theme_icon_28_period_03_02png
png:prj_theme_icon_28_period_04png
png:prj_theme_icon_28_period_04_03png
png:prj_theme_icon_28_period_05png
png:prj_theme_icon_28_period_05_04png
png:prj_theme_icon_28_period_06png
png:prj_theme_icon_28_period_06_05png
png:prj_theme_icon_28_period_07png
png:prj_theme_icon_28_period_07_06png
png:prj_theme_icon_28_period_08png
png:prj_theme_icon_28_period_08_07png
jpg:prj_theme_icon_28_period_09jpg
png:prj_theme_icon_28_period_09png
png:prj_theme_icon_28_period_09_08png
jpg:prj_theme_icon_28_period_10_09jpg
png:prj_theme_icon_29_discover_00png
png:prj_theme_icon_29_discover_01png
png:prj_theme_icon_29_discover_01_00png
png:prj_theme_icon_29_discover_02png
png:prj_theme_icon_29_discover_02_01png
png:prj_theme_icon_29_discover_03png
png:prj_theme_icon_29_discover_03_02png
png:prj_theme_icon_29_discover_04png
png:prj_theme_icon_29_discover_04_03png
png:prj_theme_icon_29_discover_05png
png:prj_theme_icon_29_discover_05_04png
png:prj_theme_icon_29_discover_06png
png:prj_theme_icon_29_discover_06_05png
png:prj_theme_icon_29_discover_07png
png:prj_theme_icon_29_discover_07_06png
png:prj_theme_icon_29_discover_08png
png:prj_theme_icon_29_discover_08_07png
jpg:prj_theme_icon_29_discover_09jpg
png:prj_theme_icon_29_discover_09png
png:prj_theme_icon_29_discover_09_08png
jpg:prj_theme_icon_29_discover_10_09jpg
png:prj_theme_icon_30_theme_00png
png:prj_theme_icon_30_theme_01png
png:prj_theme_icon_30_theme_01_00png
png:prj_theme_icon_30_theme_02png
png:prj_theme_icon_30_theme_02_01png
png:prj_theme_icon_30_theme_03png
png:prj_theme_icon_30_theme_03_02png
png:prj_theme_icon_30_theme_04png
png:prj_theme_icon_30_theme_04_03png
png:prj_theme_icon_30_theme_05png
png:prj_theme_icon_30_theme_05_04png
png:prj_theme_icon_30_theme_06png
png:prj_theme_icon_30_theme_06_05png
png:prj_theme_icon_30_theme_07png
png:prj_theme_icon_30_theme_07_06png
png:prj_theme_icon_30_theme_08png
png:prj_theme_icon_30_theme_08_07png
jpg:prj_theme_icon_30_theme_09jpg
png:prj_theme_icon_30_theme_09png
png:prj_theme_icon_30_theme_09_08png
jpg:prj_theme_icon_30_theme_10_09jpg
png:prj_theme_icon_31_about_00png
png:prj_theme_icon_31_about_01png
png:prj_theme_icon_31_about_01_00png
png:prj_theme_icon_31_about_02png
png:prj_theme_icon_31_about_02_01png
png:prj_theme_icon_31_about_03png
png:prj_theme_icon_31_about_03_02png
png:prj_theme_icon_31_about_04png
png:prj_theme_icon_31_about_04_03png
png:prj_theme_icon_31_about_05png
png:prj_theme_icon_31_about_05_04png
png:prj_theme_icon_31_about_06png
png:prj_theme_icon_31_about_06_05png
png:prj_theme_icon_31_about_07png
png:prj_theme_icon_31_about_07_06png
png:prj_theme_icon_31_about_08png
png:prj_theme_icon_31_about_08_07png
jpg:prj_theme_icon_31_about_09jpg
png:prj_theme_icon_31_about_09png
png:prj_theme_icon_31_about_09_08png
jpg:prj_theme_icon_31_about_10_09jpg
png:prj_theme_icon_32_brt_00png
png:prj_theme_icon_32_brt_01png
png:prj_theme_icon_32_brt_01_00png
png:prj_theme_icon_32_brt_02png
png:prj_theme_icon_32_brt_02_01png
png:prj_theme_icon_32_brt_03png
png:prj_theme_icon_32_brt_03_02png
png:prj_theme_icon_32_brt_04png
png:prj_theme_icon_32_brt_04_03png
png:prj_theme_icon_32_brt_05png
png:prj_theme_icon_32_brt_05_04png
png:prj_theme_icon_32_brt_06png
png:prj_theme_icon_32_brt_06_05png
png:prj_theme_icon_32_brt_07png
png:prj_theme_icon_32_brt_07_06png
png:prj_theme_icon_32_brt_08png
png:prj_theme_icon_32_brt_08_07png
jpg:prj_theme_icon_32_brt_09jpg
png:prj_theme_icon_32_brt_09png
png:prj_theme_icon_32_brt_09_08png
jpg:prj_theme_icon_32_brt_10_09jpg
png:prj_theme_icon_33_pwd_00png
png:prj_theme_icon_33_pwd_01png
png:prj_theme_icon_33_pwd_01_00png
png:prj_theme_icon_33_pwd_02png
png:prj_theme_icon_33_pwd_02_01png
png:prj_theme_icon_33_pwd_03png
png:prj_theme_icon_33_pwd_03_02png
png:prj_theme_icon_33_pwd_04png
png:prj_theme_icon_33_pwd_04_03png
png:prj_theme_icon_33_pwd_05png
png:prj_theme_icon_33_pwd_05_04png
png:prj_theme_icon_33_pwd_06png
png:prj_theme_icon_33_pwd_06_05png
png:prj_theme_icon_33_pwd_07png
png:prj_theme_icon_33_pwd_07_06png
png:prj_theme_icon_33_pwd_08png
png:prj_theme_icon_33_pwd_08_07png
jpg:prj_theme_icon_33_pwd_09jpg
png:prj_theme_icon_33_pwd_09png
png:prj_theme_icon_33_pwd_09_08png
jpg:prj_theme_icon_33_pwd_10_09jpg
png:prj_theme_icon_34_sound_00png
png:prj_theme_icon_34_sound_01png
png:prj_theme_icon_34_sound_01_00png
png:prj_theme_icon_34_sound_02png
png:prj_theme_icon_34_sound_02_01png
png:prj_theme_icon_34_sound_03png
png:prj_theme_icon_34_sound_03_02png
png:prj_theme_icon_34_sound_04png
png:prj_theme_icon_34_sound_04_03png
png:prj_theme_icon_34_sound_05png
png:prj_theme_icon_34_sound_05_04png
png:prj_theme_icon_34_sound_06png
png:prj_theme_icon_34_sound_06_05png
png:prj_theme_icon_34_sound_07png
png:prj_theme_icon_34_sound_07_06png
png:prj_theme_icon_34_sound_08png
png:prj_theme_icon_34_sound_08_07png
jpg:prj_theme_icon_34_sound_09jpg
png:prj_theme_icon_34_sound_09png
png:prj_theme_icon_34_sound_09_08png
jpg:prj_theme_icon_34_sound_10_09jpg
png:prj_theme_icon_35_time_00png
png:prj_theme_icon_35_time_01png
png:prj_theme_icon_35_time_01_00png
png:prj_theme_icon_35_time_02png
png:prj_theme_icon_35_time_02_01png
png:prj_theme_icon_35_time_03png
png:prj_theme_icon_35_time_03_02png
png:prj_theme_icon_35_time_04png
png:prj_theme_icon_35_time_04_03png
png:prj_theme_icon_35_time_05png
png:prj_theme_icon_35_time_05_04png
png:prj_theme_icon_35_time_06png
png:prj_theme_icon_35_time_06_05png
png:prj_theme_icon_35_time_07png
png:prj_theme_icon_35_time_07_06png
png:prj_theme_icon_35_time_08png
png:prj_theme_icon_35_time_08_07png
jpg:prj_theme_icon_35_time_09jpg
png:prj_theme_icon_35_time_09png
png:prj_theme_icon_35_time_09_08png
jpg:prj_theme_icon_35_time_10_09jpg
png:prj_theme_icon_37_dnd_00png
png:prj_theme_icon_37_dnd_01png
png:prj_theme_icon_37_dnd_01_00png
png:prj_theme_icon_37_dnd_02png
png:prj_theme_icon_37_dnd_02_01png
png:prj_theme_icon_37_dnd_03png
png:prj_theme_icon_37_dnd_03_02png
png:prj_theme_icon_37_dnd_04png
png:prj_theme_icon_37_dnd_04_03png
png:prj_theme_icon_37_dnd_05png
png:prj_theme_icon_37_dnd_05_04png
png:prj_theme_icon_37_dnd_06png
png:prj_theme_icon_37_dnd_06_05png
png:prj_theme_icon_37_dnd_07png
png:prj_theme_icon_37_dnd_07_06png
png:prj_theme_icon_37_dnd_08png
png:prj_theme_icon_37_dnd_08_07png
jpg:prj_theme_icon_37_dnd_09jpg
png:prj_theme_icon_37_dnd_09png
png:prj_theme_icon_37_dnd_09_08png
jpg:prj_theme_icon_37_dnd_10_09jpg
png:prj_theme_icon_38_aod_00png
png:prj_theme_icon_38_aod_01png
png:prj_theme_icon_38_aod_01_00png
png:prj_theme_icon_38_aod_02png
png:prj_theme_icon_38_aod_02_01png
png:prj_theme_icon_38_aod_03png
png:prj_theme_icon_38_aod_03_02png
png:prj_theme_icon_38_aod_04png
png:prj_theme_icon_38_aod_04_03png
png:prj_theme_icon_38_aod_05png
png:prj_theme_icon_38_aod_05_04png
png:prj_theme_icon_38_aod_06png
png:prj_theme_icon_38_aod_06_05png
png:prj_theme_icon_38_aod_07png
png:prj_theme_icon_38_aod_07_06png
png:prj_theme_icon_38_aod_08png
png:prj_theme_icon_38_aod_08_07png
jpg:prj_theme_icon_38_aod_09jpg
png:prj_theme_icon_38_aod_09png
png:prj_theme_icon_38_aod_09_08png
jpg:prj_theme_icon_38_aod_10_09jpg
png:prj_theme_icon_39_sys_00png
png:prj_theme_icon_39_sys_01png
png:prj_theme_icon_39_sys_01_00png
png:prj_theme_icon_39_sys_02png
png:prj_theme_icon_39_sys_02_01png
png:prj_theme_icon_39_sys_03png
png:prj_theme_icon_39_sys_03_02png
png:prj_theme_icon_39_sys_04png
png:prj_theme_icon_39_sys_04_03png
png:prj_theme_icon_39_sys_05png
png:prj_theme_icon_39_sys_05_04png
png:prj_theme_icon_39_sys_06png
png:prj_theme_icon_39_sys_06_05png
png:prj_theme_icon_39_sys_07png
png:prj_theme_icon_39_sys_07_06png
png:prj_theme_icon_39_sys_08png
png:prj_theme_icon_39_sys_08_07png
jpg:prj_theme_icon_39_sys_09jpg
png:prj_theme_icon_39_sys_09png
png:prj_theme_icon_39_sys_09_08png
jpg:prj_theme_icon_39_sys_10_09jpg
png:prj_theme_icon_40_down_key_00png
png:prj_theme_icon_40_down_key_01png
png:prj_theme_icon_40_down_key_01_00png
png:prj_theme_icon_40_down_key_02png
png:prj_theme_icon_40_down_key_02_01png
png:prj_theme_icon_40_down_key_03png
png:prj_theme_icon_40_down_key_03_02png
png:prj_theme_icon_40_down_key_04png
png:prj_theme_icon_40_down_key_04_03png
png:prj_theme_icon_40_down_key_05png
png:prj_theme_icon_40_down_key_05_04png
png:prj_theme_icon_40_down_key_06png
png:prj_theme_icon_40_down_key_06_05png
png:prj_theme_icon_40_down_key_07png
png:prj_theme_icon_40_down_key_07_06png
png:prj_theme_icon_40_down_key_08png
png:prj_theme_icon_40_down_key_08_07png
jpg:prj_theme_icon_40_down_key_09jpg
png:prj_theme_icon_40_down_key_09png
png:prj_theme_icon_40_down_key_09_08png
jpg:prj_theme_icon_40_down_key_10_09jpg
png:prj_theme_icon_41_blood_pres_00png
png:prj_theme_icon_41_blood_pres_01png
png:prj_theme_icon_41_blood_pres_01_00png
png:prj_theme_icon_41_blood_pres_02png
png:prj_theme_icon_41_blood_pres_02_01png
png:prj_theme_icon_41_blood_pres_03png
png:prj_theme_icon_41_blood_pres_03_02png
png:prj_theme_icon_41_blood_pres_04png
png:prj_theme_icon_41_blood_pres_04_03png
png:prj_theme_icon_41_blood_pres_05png
png:prj_theme_icon_41_blood_pres_05_04png
png:prj_theme_icon_41_blood_pres_06png
png:prj_theme_icon_41_blood_pres_06_05png
png:prj_theme_icon_41_blood_pres_07png
png:prj_theme_icon_41_blood_pres_07_06png
png:prj_theme_icon_41_blood_pres_08png
png:prj_theme_icon_41_blood_pres_08_07png
jpg:prj_theme_icon_41_blood_pres_09jpg
png:prj_theme_icon_41_blood_pres_09png
png:prj_theme_icon_41_blood_pres_09_08png
jpg:prj_theme_icon_41_blood_pres_10_09jpg
png:prj_theme_icon_41_mood_00png
png:prj_theme_icon_41_mood_01png
png:prj_theme_icon_41_mood_01_00png
png:prj_theme_icon_41_mood_02png
png:prj_theme_icon_41_mood_02_01png
png:prj_theme_icon_41_mood_03png
png:prj_theme_icon_41_mood_03_02png
png:prj_theme_icon_41_mood_04png
png:prj_theme_icon_41_mood_04_03png
png:prj_theme_icon_41_mood_05png
png:prj_theme_icon_41_mood_05_04png
png:prj_theme_icon_41_mood_06png
png:prj_theme_icon_41_mood_06_05png
png:prj_theme_icon_41_mood_07png
png:prj_theme_icon_41_mood_07_06png
png:prj_theme_icon_41_mood_08png
png:prj_theme_icon_41_mood_08_07png
jpg:prj_theme_icon_41_mood_09jpg
png:prj_theme_icon_41_mood_09png
png:prj_theme_icon_41_mood_09_08png
jpg:prj_theme_icon_41_mood_10_09jpg
png:prj_theme_icon_42_measurement_00png
png:prj_theme_icon_42_measurement_01png
png:prj_theme_icon_42_measurement_01_00png
png:prj_theme_icon_42_measurement_02png
png:prj_theme_icon_42_measurement_02_01png
png:prj_theme_icon_42_measurement_03png
png:prj_theme_icon_42_measurement_03_02png
png:prj_theme_icon_42_measurement_04png
png:prj_theme_icon_42_measurement_04_03png
png:prj_theme_icon_42_measurement_05png
png:prj_theme_icon_42_measurement_05_04png
png:prj_theme_icon_42_measurement_06png
png:prj_theme_icon_42_measurement_06_05png
png:prj_theme_icon_42_measurement_07png
png:prj_theme_icon_42_measurement_07_06png
png:prj_theme_icon_42_measurement_08png
png:prj_theme_icon_42_measurement_08_07png
jpg:prj_theme_icon_42_measurement_09jpg
png:prj_theme_icon_42_measurement_09png
png:prj_theme_icon_42_measurement_09_08png
jpg:prj_theme_icon_42_measurement_10_09jpg
png:prj_theme_icon_43_toggle_effect_00png
png:prj_theme_icon_43_toggle_effect_01png
png:prj_theme_icon_43_toggle_effect_02png
png:prj_theme_icon_43_toggle_effect_03png
png:prj_theme_icon_43_toggle_effect_04png
png:prj_theme_icon_43_toggle_effect_05png
png:prj_theme_icon_43_toggle_effect_06png
png:prj_theme_icon_43_toggle_effect_07png
png:prj_theme_icon_43_toggle_effect_08png
png:prj_theme_icon_43_toggle_effect_09png
png:prj_theme_menu_aipng
png:prj_theme_menu_alipaypng
png:prj_theme_menu_baidupng
png:prj_theme_menu_bookpng
png:prj_theme_menu_bppng
png:prj_theme_menu_breathepng
png:prj_theme_menu_calcpng
png:prj_theme_menu_calendarpng
png:prj_theme_menu_camerapng
png:prj_theme_menu_cardpng
png:prj_theme_menu_clockpng
png:prj_theme_menu_cmpspng
png:prj_theme_menu_contactspng
png:prj_theme_menu_datapng
png:prj_theme_menu_gamepng
png:prj_theme_menu_heartratepng
png:prj_theme_menu_lefunpng
png:prj_theme_menu_lefunAIpng
png:prj_theme_menu_msgpng
png:prj_theme_menu_musicpng
png:prj_theme_menu_phonepng
png:prj_theme_menu_photopng
png:prj_theme_menu_physiologypng
png:prj_theme_menu_prespng
png:prj_theme_menu_pwdpng
png:prj_theme_menu_recordingpng
png:prj_theme_menu_restartpng
png:prj_theme_menu_restorepng
png:prj_theme_menu_setpng
png:prj_theme_menu_Shutdownpng
png:prj_theme_menu_sleeppng
png:prj_theme_menu_Somatosensorypng
png:prj_theme_menu_spo2png
png:prj_theme_menu_sportpng
png:prj_theme_menu_sport_recordpng
png:prj_theme_menu_styluspng
png:prj_theme_menu_swpng
png:prj_theme_menu_tmrpng
png:prj_theme_menu_videopng
png:prj_theme_menu_walletpng
png:prj_theme_menu_watchfacepng
png:prj_theme_menu_weatherpng
png:prj_theme_onpng
jpg:prj_theme_ringjpg
png:prj_theme_underpng
jpg:prj_tmr_01_bgjpg
lz4:prj_tmr_02_dotbmp
lz4:prj_tmr_03_ringbmp
jpg:prj_tmr_04_ringjpg
jpg:prj_tmr_bgjpg
jpg:prj_tmr_btn_01_clousejpg
jpg:prj_tmr_btn_02_pausedjpg
jpg:prj_tmr_btn_03_play_bigjpg
jpg:prj_tmr_btn_04_play_smalljpg
jpg:prj_tmr_btn_05_retryjpg
jpg:prj_tmr_btn_bigjpg
jpg:prj_tmr_btn_clousejpg
jpg:prj_tmr_btn_p0006_retryjpg
jpg:prj_tmr_btn_pausedjpg
jpg:prj_tmr_btn_play_bigjpg
jpg:prj_tmr_btn_play_smalljpg
jpg:prj_tmr_btn_retryjpg
jpg:prj_tmr_btn_smalljpg
lz4:prj_tmr_dotbmp
jpg:prj_tmr_p0004_bgjpg
lz4:prj_tmr_ringbmp
lottie:prj_vedio_approvelottiejson
mp4:prj_vedio_birdsmp4
gif:prj_vedio_bulbgif
lottie:prj_vedio_comfirmlottiejson
lottie:prj_vedio_musiclottiejson
jpg:prj_voice_gif_00jpg
jpg:prj_voice_gif_01jpg
jpg:prj_voice_gif_01_00jpg
jpg:prj_voice_gif_02jpg
jpg:prj_voice_gif_02_01jpg
jpg:prj_voice_gif_03jpg
jpg:prj_voice_gif_03_02jpg
jpg:prj_voice_gif_04jpg
jpg:prj_voice_gif_04_03jpg
jpg:prj_voice_gif_05jpg
jpg:prj_voice_gif_05_04jpg
jpg:prj_voice_gif_06jpg
jpg:prj_voice_gif_06_05jpg
jpg:prj_voice_gif_07jpg
jpg:prj_voice_gif_07_06jpg
jpg:prj_voice_gif_08jpg
jpg:prj_voice_gif_08_07jpg
jpg:prj_voice_gif_09jpg
jpg:prj_voice_gif_09_08jpg
jpg:prj_voice_gif_10jpg
jpg:prj_voice_gif_10_09jpg
jpg:prj_voice_gif_11jpg
jpg:prj_voice_gif_11_10jpg
jpg:prj_voice_gif_12_11jpg
jpg:prj_watchface_bg_01_bgjpg
jpg:prj_watchface_preview_01_00jpg
png:prj_weather_01_dot_1png
png:prj_weather_02_dot_2png
jpg:prj_weather_03_no_datajpg
jpg:prj_weather_04_ring_air_qualityjpg
jpg:prj_weather_05_ring_uvjpg
jpg:prj_weather_06_arrow_downjpg
jpg:prj_weather_07_arrow_upjpg
jpg:prj_weather_08_linejpg
png:prj_weather_1png
jpg:prj_weather_2jpg
png:prj_weather_2png
jpg:prj_weather_arrow_downjpg
jpg:prj_weather_arrow_upjpg
jpg:prj_weather_char_now_01_enjpg
jpg:prj_weather_char_now_02_zhjpg
jpg:prj_weather_char_now_enjpg
jpg:prj_weather_char_now_zhjpg
jpg:prj_weather_datajpg
png:prj_weather_dot_1png
png:prj_weather_dot_2png
jpg:prj_weather_downjpg
jpg:prj_weather_linejpg
jpg:prj_weather_no_datajpg
jpg:prj_weather_qualityjpg
jpg:prj_weather_ring_air_qualityjpg
jpg:prj_weather_ring_uvjpg
jpg:prj_weather_ring_uv_2jpg
jpg:prj_weather_upjpg
jpg:prj_weather_uvjpg
jpg:prj_weather_weather_big_00_sun_00jpg
jpg:prj_weather_weather_big_00_sun_01jpg
jpg:prj_weather_weather_big_00_sun_01_00jpg
jpg:prj_weather_weather_big_00_sun_02jpg
jpg:prj_weather_weather_big_00_sun_02_01jpg
jpg:prj_weather_weather_big_00_sun_03jpg
jpg:prj_weather_weather_big_00_sun_03_02jpg
jpg:prj_weather_weather_big_00_sun_04jpg
jpg:prj_weather_weather_big_00_sun_04_03jpg
jpg:prj_weather_weather_big_00_sun_05jpg
jpg:prj_weather_weather_big_00_sun_05_04jpg
jpg:prj_weather_weather_big_00_sun_06jpg
jpg:prj_weather_weather_big_00_sun_06_05jpg
jpg:prj_weather_weather_big_00_sun_07_06jpg
lz4:prj_weather_weather_big_00_sun_index_01_00jpg
lz4:prj_weather_weather_big_00_sun_index_02_01jpg
lz4:prj_weather_weather_big_00_sun_index_03_02jpg
lz4:prj_weather_weather_big_00_sun_index_04_03jpg
lz4:prj_weather_weather_big_00_sun_index_05_04jpg
lz4:prj_weather_weather_big_00_sun_index_06_05jpg
lz4:prj_weather_weather_big_00_sun_index_07_06jpg
jpg:prj_weather_weather_big_01_05_tstorm_with_hailjpg
jpg:prj_weather_weather_big_01_cloudy_00jpg
jpg:prj_weather_weather_big_01_cloudy_01jpg
jpg:prj_weather_weather_big_01_cloudy_01_00jpg
jpg:prj_weather_weather_big_01_cloudy_02jpg
jpg:prj_weather_weather_big_01_cloudy_02_01jpg
jpg:prj_weather_weather_big_01_cloudy_03jpg
jpg:prj_weather_weather_big_01_cloudy_03_02jpg
jpg:prj_weather_weather_big_01_cloudy_04jpg
jpg:prj_weather_weather_big_01_cloudy_04_03jpg
jpg:prj_weather_weather_big_01_cloudy_05jpg
jpg:prj_weather_weather_big_01_cloudy_05_04jpg
jpg:prj_weather_weather_big_01_cloudy_06jpg
jpg:prj_weather_weather_big_01_cloudy_06_05jpg
jpg:prj_weather_weather_big_01_cloudy_07_06jpg
jpg:prj_weather_weather_big_02_06_sleetjpg
jpg:prj_weather_weather_big_02_negative_00jpg
jpg:prj_weather_weather_big_02_negative_01jpg
jpg:prj_weather_weather_big_02_negative_01_00jpg
jpg:prj_weather_weather_big_02_negative_02jpg
jpg:prj_weather_weather_big_02_negative_02_01jpg
jpg:prj_weather_weather_big_02_negative_03jpg
jpg:prj_weather_weather_big_02_negative_03_02jpg
jpg:prj_weather_weather_big_02_negative_04jpg
jpg:prj_weather_weather_big_02_negative_04_03jpg
jpg:prj_weather_weather_big_02_negative_05jpg
jpg:prj_weather_weather_big_02_negative_05_04jpg
jpg:prj_weather_weather_big_02_negative_06jpg
jpg:prj_weather_weather_big_02_negative_06_05jpg
jpg:prj_weather_weather_big_02_negative_07jpg
jpg:prj_weather_weather_big_02_negative_07_06jpg
jpg:prj_weather_weather_big_02_negative_08jpg
jpg:prj_weather_weather_big_02_negative_08_07jpg
jpg:prj_weather_weather_big_02_negative_09jpg
jpg:prj_weather_weather_big_02_negative_09_08jpg
jpg:prj_weather_weather_big_02_negative_10jpg
jpg:prj_weather_weather_big_02_negative_10_09jpg
jpg:prj_weather_weather_big_02_negative_11jpg
jpg:prj_weather_weather_big_02_negative_11_10jpg
jpg:prj_weather_weather_big_02_negative_12jpg
jpg:prj_weather_weather_big_02_negative_12_11jpg
jpg:prj_weather_weather_big_02_negative_13jpg
jpg:prj_weather_weather_big_02_negative_13_12jpg
jpg:prj_weather_weather_big_02_negative_14_13jpg
jpg:prj_weather_weather_big_03_08_moderate_rainjpg
jpg:prj_weather_weather_big_03_shower_00jpg
jpg:prj_weather_weather_big_03_shower_01jpg
jpg:prj_weather_weather_big_03_shower_01_00jpg
jpg:prj_weather_weather_big_03_shower_02jpg
jpg:prj_weather_weather_big_03_shower_02_01jpg
jpg:prj_weather_weather_big_03_shower_03jpg
jpg:prj_weather_weather_big_03_shower_03_02jpg
jpg:prj_weather_weather_big_03_shower_04jpg
jpg:prj_weather_weather_big_03_shower_04_03jpg
jpg:prj_weather_weather_big_03_shower_05jpg
jpg:prj_weather_weather_big_03_shower_05_04jpg
jpg:prj_weather_weather_big_03_shower_06jpg
jpg:prj_weather_weather_big_03_shower_06_05jpg
jpg:prj_weather_weather_big_03_shower_07_06jpg
jpg:prj_weather_weather_big_04_09_heavy_rainjpg
jpg:prj_weather_weather_big_04_tstorm_00jpg
jpg:prj_weather_weather_big_04_tstorm_01jpg
jpg:prj_weather_weather_big_04_tstorm_01_00jpg
jpg:prj_weather_weather_big_04_tstorm_02jpg
jpg:prj_weather_weather_big_04_tstorm_02_01jpg
jpg:prj_weather_weather_big_04_tstorm_03jpg
jpg:prj_weather_weather_big_04_tstorm_03_02jpg
jpg:prj_weather_weather_big_04_tstorm_04jpg
jpg:prj_weather_weather_big_04_tstorm_04_03jpg
jpg:prj_weather_weather_big_04_tstorm_05jpg
jpg:prj_weather_weather_big_04_tstorm_05_04jpg
jpg:prj_weather_weather_big_04_tstorm_06jpg
jpg:prj_weather_weather_big_04_tstorm_06_05jpg
jpg:prj_weather_weather_big_04_tstorm_07jpg
jpg:prj_weather_weather_big_04_tstorm_07_06jpg
jpg:prj_weather_weather_big_04_tstorm_08_07jpg
jpg:prj_weather_weather_big_05_11_heavy_rainjpg
jpg:prj_weather_weather_big_05_tstorm_with_hailjpg
jpg:prj_weather_weather_big_06_12_tor_rainjpg
jpg:prj_weather_weather_big_06_sleetjpg
jpg:prj_weather_weather_big_07_13_snow_showersjpg
jpg:prj_weather_weather_big_07_light_rain_00jpg
jpg:prj_weather_weather_big_07_light_rain_01jpg
jpg:prj_weather_weather_big_07_light_rain_01_00jpg
jpg:prj_weather_weather_big_07_light_rain_02jpg
jpg:prj_weather_weather_big_07_light_rain_02_01jpg
jpg:prj_weather_weather_big_07_light_rain_03jpg
jpg:prj_weather_weather_big_07_light_rain_03_02jpg
jpg:prj_weather_weather_big_07_light_rain_04jpg
jpg:prj_weather_weather_big_07_light_rain_04_03jpg
jpg:prj_weather_weather_big_07_light_rain_05jpg
jpg:prj_weather_weather_big_07_light_rain_05_04jpg
jpg:prj_weather_weather_big_07_light_rain_06jpg
jpg:prj_weather_weather_big_07_light_rain_06_05jpg
jpg:prj_weather_weather_big_07_light_rain_07_06jpg
jpg:prj_weather_weather_big_08_15_moderate_snowjpg
jpg:prj_weather_weather_big_08_moderate_rainjpg
jpg:prj_weather_weather_big_09_16_heavy_snowjpg
jpg:prj_weather_weather_big_09_heavy_rainjpg
jpg:prj_weather_weather_big_10_17_blizzardjpg
jpg:prj_weather_weather_big_10_rainstorm_00jpg
jpg:prj_weather_weather_big_10_rainstorm_01jpg
jpg:prj_weather_weather_big_10_rainstorm_01_00jpg
jpg:prj_weather_weather_big_10_rainstorm_02jpg
jpg:prj_weather_weather_big_10_rainstorm_02_01jpg
jpg:prj_weather_weather_big_10_rainstorm_03jpg
jpg:prj_weather_weather_big_10_rainstorm_03_02jpg
jpg:prj_weather_weather_big_10_rainstorm_04jpg
jpg:prj_weather_weather_big_10_rainstorm_04_03jpg
jpg:prj_weather_weather_big_10_rainstorm_05jpg
jpg:prj_weather_weather_big_10_rainstorm_05_04jpg
jpg:prj_weather_weather_big_10_rainstorm_06jpg
jpg:prj_weather_weather_big_10_rainstorm_06_05jpg
jpg:prj_weather_weather_big_10_rainstorm_07_06jpg
jpg:prj_weather_weather_big_11_18_fogjpg
jpg:prj_weather_weather_big_11_heavy_rainjpg
jpg:prj_weather_weather_big_12_19_freezing_rainjpg
jpg:prj_weather_weather_big_12_tor_rainjpg
jpg:prj_weather_weather_big_13_20_sandstormjpg
jpg:prj_weather_weather_big_13_snow_showersjpg
jpg:prj_weather_weather_big_14_21_ltm_rainjpg
jpg:prj_weather_weather_big_14_light_snow_00jpg
jpg:prj_weather_weather_big_14_light_snow_01jpg
jpg:prj_weather_weather_big_14_light_snow_01_00jpg
jpg:prj_weather_weather_big_14_light_snow_02jpg
jpg:prj_weather_weather_big_14_light_snow_02_01jpg
jpg:prj_weather_weather_big_14_light_snow_03jpg
jpg:prj_weather_weather_big_14_light_snow_03_02jpg
jpg:prj_weather_weather_big_14_light_snow_04jpg
jpg:prj_weather_weather_big_14_light_snow_04_03jpg
jpg:prj_weather_weather_big_14_light_snow_05jpg
jpg:prj_weather_weather_big_14_light_snow_05_04jpg
jpg:prj_weather_weather_big_14_light_snow_06jpg
jpg:prj_weather_weather_big_14_light_snow_06_05jpg
jpg:prj_weather_weather_big_14_light_snow_07_06jpg
jpg:prj_weather_weather_big_15_22_mth_rainjpg
jpg:prj_weather_weather_big_15_moderate_snowjpg
jpg:prj_weather_weather_big_16_23_tor_rainjpg
jpg:prj_weather_weather_big_16_heavy_snowjpg
jpg:prj_weather_weather_big_17_24_heavy_rain_to_heavy_rainjpg
jpg:prj_weather_weather_big_17_blizzardjpg
jpg:prj_weather_weather_big_18_25_heavy_rain_to_very_heavy_rainjpg
jpg:prj_weather_weather_big_18_fogjpg
jpg:prj_weather_weather_big_19_26_ltm_snowjpg
jpg:prj_weather_weather_big_19_freezing_rainjpg
jpg:prj_weather_weather_big_20_27_mth_snowjpg
jpg:prj_weather_weather_big_20_sandstormjpg
jpg:prj_weather_weather_big_21_28_big_blizzardjpg
jpg:prj_weather_weather_big_21_ltm_rainjpg
jpg:prj_weather_weather_big_22_29_dustjpg
jpg:prj_weather_weather_big_22_mth_rainjpg
jpg:prj_weather_weather_big_23_30_jansajpg
jpg:prj_weather_weather_big_23_tor_rainjpg
jpg:prj_weather_weather_big_24_31_strong_sandstormjpg
jpg:prj_weather_weather_big_24_heavy_rain_to_heavy_rainjpg
jpg:prj_weather_weather_big_25_32_hazejpg
jpg:prj_weather_weather_big_25_heavy_rain_to_very_heavy_rainjpg
jpg:prj_weather_weather_big_26_33_unknownjpg
jpg:prj_weather_weather_big_26_ltm_snowjpg
jpg:prj_weather_weather_big_27_mth_snowjpg
jpg:prj_weather_weather_big_28_big_blizzardjpg
jpg:prj_weather_weather_big_29_dustjpg
jpg:prj_weather_weather_big_30_jansajpg
jpg:prj_weather_weather_big_31_strong_sandstormjpg
jpg:prj_weather_weather_big_32_hazejpg
jpg:prj_weather_weather_big_33_unknownjpg
jpg:prj_weather_weather_big_blizzardjpg
jpg:prj_weather_weather_big_dustjpg
jpg:prj_weather_weather_big_fogjpg
jpg:prj_weather_weather_big_hailjpg
jpg:prj_weather_weather_big_hazejpg
jpg:prj_weather_weather_big_jansajpg
jpg:prj_weather_weather_big_p0004_09_heavy_rainjpg
jpg:prj_weather_weather_big_p0005_11_heavy_rainjpg
jpg:prj_weather_weather_big_p0006_12_tor_rainjpg
jpg:prj_weather_weather_big_p0009_16_heavy_snowjpg
jpg:prj_weather_weather_big_p0012_19_freezing_rainjpg
jpg:prj_weather_weather_big_p0014_21_ltm_rainjpg
jpg:prj_weather_weather_big_p0015_22_mth_rainjpg
jpg:prj_weather_weather_big_p0016_23_tor_rainjpg
jpg:prj_weather_weather_big_p0017_24_heavy_rain_to_heavy_rainjpg
jpg:prj_weather_weather_big_p0018_25_heavy_rain_to_very_heavy_rainjpg
jpg:prj_weather_weather_big_p0019_26_ltm_snowjpg
jpg:prj_weather_weather_big_p0020_27_mth_snowjpg
jpg:prj_weather_weather_big_p0021_28_big_blizzardjpg
jpg:prj_weather_weather_big_p0024_31_strong_sandstormjpg
jpg:prj_weather_weather_big_rainjpg
jpg:prj_weather_weather_big_sandstormjpg
jpg:prj_weather_weather_big_showersjpg
jpg:prj_weather_weather_big_sleetjpg
jpg:prj_weather_weather_big_snowjpg
jpg:prj_weather_weather_big_unknownjpg
png:prj_weather_weather_small_00_sunpng
png:prj_weather_weather_small_01_00_sunpng
png:prj_weather_weather_small_01_cloudypng
png:prj_weather_weather_small_02_01_cloudypng
png:prj_weather_weather_small_02_negativepng
png:prj_weather_weather_small_03_02_negativepng
png:prj_weather_weather_small_03_showerpng
png:prj_weather_weather_small_04_03_showerpng
png:prj_weather_weather_small_04_tstormpng
png:prj_weather_weather_small_05_04_tstormpng
png:prj_weather_weather_small_05_tstorm_with_hailpng
png:prj_weather_weather_small_06_05_tstorm_with_hailpng
png:prj_weather_weather_small_06_sleetpng
png:prj_weather_weather_small_07_06_sleetpng
png:prj_weather_weather_small_07_light_rainpng
png:prj_weather_weather_small_08_07_light_rainpng
png:prj_weather_weather_small_08_moderate_rainpng
png:prj_weather_weather_small_09_08_moderate_rainpng
png:prj_weather_weather_small_09_heavy_rainpng
png:prj_weather_weather_small_10_09_heavy_rainpng
png:prj_weather_weather_small_10_rainstormpng
png:prj_weather_weather_small_11_10_rainstormpng
png:prj_weather_weather_small_11_heavy_rainpng
png:prj_weather_weather_small_12_11_heavy_rainpng
png:prj_weather_weather_small_12_tor_rainpng
png:prj_weather_weather_small_13_12_tor_rainpng
png:prj_weather_weather_small_13_snow_showerspng
png:prj_weather_weather_small_14_13_snow_showerspng
png:prj_weather_weather_small_14_light_snowpng
png:prj_weather_weather_small_15_14_light_snowpng
png:prj_weather_weather_small_15_moderate_snowpng
png:prj_weather_weather_small_16_15_moderate_snowpng
png:prj_weather_weather_small_16_heavy_snowpng
png:prj_weather_weather_small_17_16_heavy_snowpng
png:prj_weather_weather_small_17_blizzardpng
png:prj_weather_weather_small_18_17_blizzardpng
png:prj_weather_weather_small_18_fogpng
png:prj_weather_weather_small_19_18_fogpng
png:prj_weather_weather_small_19_freezing_rainpng
png:prj_weather_weather_small_20_19_freezing_rainpng
png:prj_weather_weather_small_20_sandstormpng
png:prj_weather_weather_small_21_20_sandstormpng
png:prj_weather_weather_small_21_ltm_rainpng
png:prj_weather_weather_small_22_21_ltm_rainpng
png:prj_weather_weather_small_22_mth_rainpng
png:prj_weather_weather_small_23_22_mth_rainpng
png:prj_weather_weather_small_23_tor_rainpng
png:prj_weather_weather_small_24_23_tor_rainpng
png:prj_weather_weather_small_24_heavy_rain_to_heavy_rainpng
png:prj_weather_weather_small_25_24_heavy_rain_to_heavy_rainpng
png:prj_weather_weather_small_25_heavy_rain_to_very_heavy_rainpng
png:prj_weather_weather_small_26_25_heavy_rain_to_very_heavy_rainpng
png:prj_weather_weather_small_26_ltm_snowpng
png:prj_weather_weather_small_27_26_ltm_snowpng
png:prj_weather_weather_small_27_mth_snowpng
png:prj_weather_weather_small_28_27_mth_snowpng
png:prj_weather_weather_small_28_big_blizzardpng
png:prj_weather_weather_small_29_28_big_blizzardpng
png:prj_weather_weather_small_29_dustpng
png:prj_weather_weather_small_30_29_dustpng
png:prj_weather_weather_small_30_jansapng
png:prj_weather_weather_small_31_30_jansapng
png:prj_weather_weather_small_31_strong_sandstormpng
png:prj_weather_weather_small_32_31_strong_sandstormpng
png:prj_weather_weather_small_32_hazepng
png:prj_weather_weather_small_33_32_hazepng
png:prj_weather_weather_small_33_unknownpng
png:prj_weather_weather_small_34_33_unknownpng
png:prj_weather_weather_small_blizzardpng
png:prj_weather_weather_small_cloudypng
png:prj_weather_weather_small_dustpng
png:prj_weather_weather_small_fogpng
png:prj_weather_weather_small_hailpng
png:prj_weather_weather_small_hazepng
png:prj_weather_weather_small_jansapng
png:prj_weather_weather_small_negativepng
png:prj_weather_weather_small_p0009_08_moderate_rainpng
png:prj_weather_weather_small_p0010_09_heavy_rainpng
png:prj_weather_weather_small_p0012_11_heavy_rainpng
png:prj_weather_weather_small_p0013_12_tor_rainpng
png:prj_weather_weather_small_p0016_15_moderate_snowpng
png:prj_weather_weather_small_p0017_16_heavy_snowpng
png:prj_weather_weather_small_p0020_19_freezing_rainpng
png:prj_weather_weather_small_p0022_21_ltm_rainpng
png:prj_weather_weather_small_p0023_22_mth_rainpng
png:prj_weather_weather_small_p0024_23_tor_rainpng
png:prj_weather_weather_small_p0025_24_heavy_rain_to_heavy_rainpng
png:prj_weather_weather_small_p0026_25_heavy_rain_to_very_heavy_rainpng
png:prj_weather_weather_small_p0027_26_ltm_snowpng
png:prj_weather_weather_small_p0028_27_mth_snowpng
png:prj_weather_weather_small_p0029_28_big_blizzardpng
png:prj_weather_weather_small_p0032_31_strong_sandstormpng
png:prj_weather_weather_small_rainpng
png:prj_weather_weather_small_rainstormpng
png:prj_weather_weather_small_sandstormpng
png:prj_weather_weather_small_showerpng
png:prj_weather_weather_small_showerspng
png:prj_weather_weather_small_sleetpng
png:prj_weather_weather_small_snowpng
png:prj_weather_weather_small_sunpng
png:prj_weather_weather_small_tstormpng
png:prj_weather_weather_small_unknownpng
jpg:prj_wgt_01_arrowjpg
jpg:prj_wgt_01_closejpg
jpg:prj_wgt_02_bgjpg
jpg:prj_wgt_02_pausedjpg
jpg:prj_wgt_03_editjpg
jpg:prj_wgt_04_linejpg
jpg:prj_wgt_05_playjpg
jpg:prj_wgt_06_retryjpg
jpg:prj_wgt_07_barjpg
png:prj_wgt_08_arrowpng
png:prj_wgt_09_arrow2png
png:prj_wgt_1png
png:prj_wgt_2png
png:prj_wgt_278x92png
lz4:prj_wgt_A4_2bmp
lz4:prj_wgt_A4_barbmp
lz4:prj_wgt_A4_dot_2bmp
jpg:prj_wgt_act_01_bgjpg
jpg:prj_wgt_act_02_caloriesjpg
jpg:prj_wgt_act_03_distjpg
lz4:prj_wgt_act_04_dotbmp
lz4:prj_wgt_act_05_ringbmp
jpg:prj_wgt_act_08_stepsjpg
png:prj_wgt_act_bgpng
png:prj_wgt_act_caloriespng
lz4:prj_wgt_act_calories_201021bmp
png:prj_wgt_act_distpng
lz4:prj_wgt_act_dist_201021bmp
jpg:prj_wgt_act_dist_icon_28x28jpg
lz4:prj_wgt_act_dotbmp
jpg:prj_wgt_act_kcal_icon_28x28jpg
jpg:prj_wgt_act_num_blue_00jpg
jpg:prj_wgt_act_num_blue_01jpg
jpg:prj_wgt_act_num_blue_01_00jpg
jpg:prj_wgt_act_num_blue_02jpg
jpg:prj_wgt_act_num_blue_02_01jpg
jpg:prj_wgt_act_num_blue_03jpg
jpg:prj_wgt_act_num_blue_03_02jpg
jpg:prj_wgt_act_num_blue_04jpg
jpg:prj_wgt_act_num_blue_04_03jpg
jpg:prj_wgt_act_num_blue_05jpg
jpg:prj_wgt_act_num_blue_05_04jpg
jpg:prj_wgt_act_num_blue_06jpg
jpg:prj_wgt_act_num_blue_06_05jpg
jpg:prj_wgt_act_num_blue_07jpg
jpg:prj_wgt_act_num_blue_07_06jpg
jpg:prj_wgt_act_num_blue_08jpg
jpg:prj_wgt_act_num_blue_08_07jpg
jpg:prj_wgt_act_num_blue_09jpg
jpg:prj_wgt_act_num_blue_09_08jpg
jpg:prj_wgt_act_num_blue_10jpg
jpg:prj_wgt_act_num_blue_10_09jpg
jpg:prj_wgt_act_num_blue_11jpg
jpg:prj_wgt_act_num_blue_11_10jpg
jpg:prj_wgt_act_num_blue_12jpg
jpg:prj_wgt_act_num_blue_12_11jpg
jpg:prj_wgt_act_num_blue_13jpg
jpg:prj_wgt_act_num_blue_13_12jpg
jpg:prj_wgt_act_num_blue_14_13jpg
jpg:prj_wgt_act_num_pink_00jpg
jpg:prj_wgt_act_num_pink_01jpg
jpg:prj_wgt_act_num_pink_01_00jpg
jpg:prj_wgt_act_num_pink_02jpg
jpg:prj_wgt_act_num_pink_02_01jpg
jpg:prj_wgt_act_num_pink_03jpg
jpg:prj_wgt_act_num_pink_03_02jpg
jpg:prj_wgt_act_num_pink_04jpg
jpg:prj_wgt_act_num_pink_04_03jpg
jpg:prj_wgt_act_num_pink_05jpg
jpg:prj_wgt_act_num_pink_05_04jpg
jpg:prj_wgt_act_num_pink_06jpg
jpg:prj_wgt_act_num_pink_06_05jpg
jpg:prj_wgt_act_num_pink_07jpg
jpg:prj_wgt_act_num_pink_07_06jpg
jpg:prj_wgt_act_num_pink_08jpg
jpg:prj_wgt_act_num_pink_08_07jpg
jpg:prj_wgt_act_num_pink_09jpg
jpg:prj_wgt_act_num_pink_09_08jpg
jpg:prj_wgt_act_num_pink_10jpg
jpg:prj_wgt_act_num_pink_10_09jpg
jpg:prj_wgt_act_num_pink_11jpg
jpg:prj_wgt_act_num_pink_11_10jpg
jpg:prj_wgt_act_num_pink_12jpg
jpg:prj_wgt_act_num_pink_12_11jpg
jpg:prj_wgt_act_num_pink_13jpg
jpg:prj_wgt_act_num_pink_13_12jpg
jpg:prj_wgt_act_num_pink_14_13jpg
jpg:prj_wgt_act_num_yellow_00jpg
jpg:prj_wgt_act_num_yellow_01jpg
jpg:prj_wgt_act_num_yellow_01_00jpg
jpg:prj_wgt_act_num_yellow_02jpg
jpg:prj_wgt_act_num_yellow_02_01jpg
jpg:prj_wgt_act_num_yellow_03jpg
jpg:prj_wgt_act_num_yellow_03_02jpg
jpg:prj_wgt_act_num_yellow_04jpg
jpg:prj_wgt_act_num_yellow_04_03jpg
jpg:prj_wgt_act_num_yellow_05jpg
jpg:prj_wgt_act_num_yellow_05_04jpg
jpg:prj_wgt_act_num_yellow_06jpg
jpg:prj_wgt_act_num_yellow_06_05jpg
jpg:prj_wgt_act_num_yellow_07jpg
jpg:prj_wgt_act_num_yellow_07_06jpg
jpg:prj_wgt_act_num_yellow_08jpg
jpg:prj_wgt_act_num_yellow_08_07jpg
jpg:prj_wgt_act_num_yellow_09jpg
jpg:prj_wgt_act_num_yellow_09_08jpg
jpg:prj_wgt_act_num_yellow_10jpg
jpg:prj_wgt_act_num_yellow_10_09jpg
jpg:prj_wgt_act_num_yellow_11jpg
jpg:prj_wgt_act_num_yellow_11_10jpg
jpg:prj_wgt_act_num_yellow_12jpg
jpg:prj_wgt_act_num_yellow_12_11jpg
jpg:prj_wgt_act_num_yellow_13jpg
jpg:prj_wgt_act_num_yellow_13_12jpg
jpg:prj_wgt_act_num_yellow_14_13jpg
png:prj_wgt_act_p0007png
lz4:prj_wgt_act_ringbmp
png:prj_wgt_act_stepspng
lz4:prj_wgt_act_steps_201021bmp
jpg:prj_wgt_act_steps_icon_28x28jpg
jpg:prj_wgt_arrowjpg
png:prj_wgt_arrowpng
png:prj_wgt_arrow2png
jpg:prj_wgt_arrow_1jpg
jpg:prj_wgt_arrow_2jpg
jpg:prj_wgt_barjpg
jpg:prj_wgt_bgjpg
png:prj_wgt_bgpng
png:prj_wgt_blood_prespng
png:prj_wgt_btn_grey_bg_278x92png
jpg:prj_wgt_btn_offjpg
jpg:prj_wgt_btn_onjpg
png:prj_wgt_btn_red_bg_278x92png
png:prj_wgt_card_line_1png
jpg:prj_wgt_cmps_01_arrowjpg
jpg:prj_wgt_cmps_02_bgjpg
png:prj_wgt_cmps_03_arrowpng
jpg:prj_wgt_cmps_arrowjpg
png:prj_wgt_cmps_arrowpng
jpg:prj_wgt_cmps_bgjpg
jpg:prj_wgt_del_iconjpg
jpg:prj_wgt_dist_iconjpg
png:prj_wgt_editpng
png:prj_wgt_fertilepng
png:prj_wgt_grapng
jpg:prj_wgt_hr_iconjpg
png:prj_wgt_iconpng
jpg:prj_wgt_jiankang_iconjpg
jpg:prj_wgt_kcal_iconjpg
jpg:prj_wgt_linejpg
png:prj_wgt_menstrualpng
png:prj_wgt_moodpng
jpg:prj_wgt_music_01_bgjpg
jpg:prj_wgt_music_02_nextjpg
jpg:prj_wgt_music_03_playjpg
jpg:prj_wgt_music_04_upjpg
jpg:prj_wgt_music_05_pausedjpg
png:prj_wgt_music_bgpng
png:prj_wgt_music_card_bgpng
jpg:prj_wgt_music_ellipsejpg
jpg:prj_wgt_music_ellipse_2jpg
jpg:prj_wgt_music_ellipse_3jpg
png:prj_wgt_music_nextpng
png:prj_wgt_music_pausedpng
png:prj_wgt_music_playpng
jpg:prj_wgt_music_shangshoujpg
jpg:prj_wgt_music_shangshou_2jpg
png:prj_wgt_music_uppng
jpg:prj_wgt_music_xiashoujpg
jpg:prj_wgt_music_xiashou_2jpg
png:prj_wgt_offpng
png:prj_wgt_onpng
jpg:prj_wgt_p0002_bgjpg
png:prj_wgt_p0007_btn_red_bg_278x92png
png:prj_wgt_p0011_hr_iconpng
png:prj_wgt_p0013_kcal_iconpng
png:prj_wgt_p0015_pres_iconpng
png:prj_wgt_p0017_sleep_iconpng
png:prj_wgt_p0019_spo_iconpng
png:prj_wgt_p0020_steps_iconpng
png:prj_wgt_p0021_sw_iconpng
jpg:prj_wgt_period_01_fertilejpg
jpg:prj_wgt_period_02_menstrualjpg
png:prj_wgt_prespng
jpg:prj_wgt_pres_iconjpg
png:prj_wgt_retrypng
png:prj_wgt_skpng
jpg:prj_wgt_sleep_card_grajpg
jpg:prj_wgt_sleep_iconjpg
png:prj_wgt_sport_icon_skpng
jpg:prj_wgt_spo_iconjpg
jpg:prj_wgt_steps_iconjpg
png:prj_wgt_sw_closepng
png:prj_wgt_sw_pausedpng
png:prj_wgt_sw_playpng
jpg:prj_wgt_sw_startjpg
jpg:prj_wgt_sw_suspendjpg
jpg:prj_wgt_sw_iconjpg
jpg:prj_wgt_theme_icon_caloriesjpg
jpg:prj_wgt_theme_icon_distjpg
jpg:prj_wgt_theme_icon_stepsjpg
png:prj_wgt_time_bgpng
png:prj_wgt_time_card_time_bgpng
png:prj_wgt_time_hourpng
png:prj_wgt_time_minpng
jpg:prj_wgt_tmr_01_bgjpg
png:prj_wgt_tmr_bgpng
jpg:prj_wgt_tmr_char_min_01_enjpg
jpg:prj_wgt_tmr_char_min_02_zhjpg
png:prj_wgt_tmr_char_min_enpng
png:prj_wgt_tmr_char_min_zhpng
scui image parser finish
请按任意键退出...